{
  "sizes": [
    13,
    38
  ],
  "seeds": [
    0,
    1
  ],
  "budget": 60,
  "ccd_global_minima": {
    "13": -44.326801,
    "38": -173.928427,
    "55": -279.24847
  },
  "summary": {
    "bh_LJ13": {
      "success_rate": 0.0,
      "best_energy": -43.89940496113745,
      "mean_energy_gap": 0.42739604324551195,
      "runs": [
        {
          "algorithm": "bh",
          "size": 13,
          "seed": 0,
          "best_energy": -43.89940496113745,
          "energy_gap": 0.42739603886255395,
          "success": false,
          "local_relaxations": 60
        },
        {
          "algorithm": "bh",
          "size": 13,
          "seed": 1,
          "best_energy": -43.89940495237153,
          "energy_gap": 0.42739604762846994,
          "success": false,
          "local_relaxations": 60
        }
      ]
    },
    "bh_LJ38": {
      "success_rate": 0.0,
      "best_energy": -167.05543086224824,
      "mean_energy_gap": 7.3573034236761,
      "runs": [
        {
          "algorithm": "bh",
          "size": 38,
          "seed": 0,
          "best_energy": -167.05543086224824,
          "energy_gap": 6.872996137751755,
          "success": false,
          "local_relaxations": 60
        },
        {
          "algorithm": "bh",
          "size": 38,
          "seed": 1,
          "best_energy": -166.08681629039955,
          "energy_gap": 7.841610709600445,
          "success": false,
          "local_relaxations": 60
        }
      ]
    },
    "ga_LJ13": {
      "success_rate": 0.0,
      "best_energy": -43.89940496128909,
      "mean_energy_gap": 0.4273960397517058,
      "runs": [
        {
          "algorithm": "ga",
          "size": 13,
          "seed": 0,
          "best_energy": -43.89940496128909,
          "energy_gap": 0.4273960387109099,
          "success": false,
          "local_relaxations": 60
        },
        {
          "algorithm": "ga",
          "size": 13,
          "seed": 1,
          "best_energy": -43.8994049592075,
          "energy_gap": 0.4273960407925017,
          "success": false,
          "local_relaxations": 60
        }
      ]
    },
    "ga_LJ38": {
      "success_rate": 0.0,
      "best_energy": -169.48980226616706,
      "mean_energy_gap": 5.513193285469555,
      "runs": [
        {
          "algorithm": "ga",
          "size": 38,
          "seed": 0,
          "best_energy": -169.48980226616706,
          "energy_gap": 4.438624733832938,
          "success": false,
          "local_relaxations": 60
        },
        {
          "algorithm": "ga",
          "size": 38,
          "seed": 1,
          "best_energy": -167.34066516289383,
          "energy_gap": 6.5877618371061715,
          "success": false,
          "local_relaxations": 60
        }
      ]
    },
    "ssw_LJ13": {
      "success_rate": 0.0,
      "best_energy": -39.64768565119221,
      "mean_energy_gap": 5.165653695789782,
      "runs": [
        {
          "algorithm": "ssw",
          "size": 13,
          "seed": 0,
          "best_energy": -38.67460895722823,
          "energy_gap": 5.652192042771773,
          "success": false,
          "local_relaxations": 60
        },
        {
          "algorithm": "ssw",
          "size": 13,
          "seed": 1,
          "best_energy": -39.64768565119221,
          "energy_gap": 4.679115348807791,
          "success": false,
          "local_relaxations": 60
        }
      ]
    },
    "ssw_LJ38": {
      "success_rate": 0.0,
      "best_energy": -165.14516679789364,
      "mean_energy_gap": 12.432863921277146,
      "runs": [
        {
          "algorithm": "ssw",
          "size": 38,
          "seed": 0,
          "best_energy": -157.84595935955207,
          "energy_gap": 16.08246764044793,
          "success": false,
          "local_relaxations": 60
        },
        {
          "algorithm": "ssw",
          "size": 38,
          "seed": 1,
          "best_energy": -165.14516679789364,
          "energy_gap": 8.783260202106362,
          "success": false,
          "local_relaxations": 60
        }
      ]
    }
  }
}