started 2026-06-02T01:04:52+08:00
/root/miniforge3/envs/mace_les/lib/python3.12/site-packages/e3nn/o3/_wigner.py:10: UserWarning: Environment variable TORCH_FORCE_NO_WEIGHTS_ONLY_LOAD detected, since the`weights_only` argument was not explicitly passed to `torch.load`, forcing weights_only=False.
  _Jd, _W3j_flat, _W3j_indices = torch.load(os.path.join(os.path.dirname(__file__), 'constants.pt'))
/root/bin/mace-0.3.14/mace/calculators/mace.py:199: UserWarning: Environment variable TORCH_FORCE_NO_WEIGHTS_ONLY_LOAD detected, since the`weights_only` argument was not explicitly passed to `torch.load`, forcing weights_only=False.
  torch.load(f=model_path, map_location=device)
/root/bin/mace-0.3.14/mace/modules/models.py:509: FutureWarning: `torch.cuda.amp.autocast(args...)` is deprecated. Please use `torch.amp.autocast('cuda', args...)` instead.
  with autocast(enabled=use_amp, dtype=torch.bfloat16):
Using head omat_pbe out of ['omat_pbe']
Default dtype float32 does not match model dtype float64, converting models to float32.
Setting inference mode to: enable_amp = False
[ssw] starting 500 trials...
[ssw] trial 1/500  best=-475.158 eV  minima=2  elapsed=7s
[ssw] trial 2/500  best=-475.158 eV  minima=2  elapsed=8s
[ssw] trial 3/500  best=-475.158 eV  minima=2  elapsed=9s
[ssw] trial 4/500  best=-481.898 eV  minima=3  elapsed=14s
[ssw] trial 5/500  best=-483.946 eV  minima=4  elapsed=22s
[ssw] trial 6/500  best=-487.552 eV  minima=5  elapsed=26s
[ssw] trial 7/500  best=-487.552 eV  minima=5  elapsed=26s
[ssw] trial 8/500  best=-488.915 eV  minima=6  elapsed=31s
[ssw] trial 9/500  best=-488.915 eV  minima=7  elapsed=43s
[ssw] trial 10/500  best=-491.628 eV  minima=8  elapsed=50s
[ssw] trial 11/500  best=-503.554 eV  minima=9  elapsed=58s
[ssw] trial 12/500  best=-503.554 eV  minima=10  elapsed=69s
[ssw] trial 13/500  best=-503.554 eV  minima=11  elapsed=80s
[ssw] trial 14/500  best=-503.554 eV  minima=12  elapsed=87s
[ssw] trial 15/500  best=-503.554 eV  minima=12  elapsed=88s
[ssw] trial 16/500  best=-503.554 eV  minima=12  elapsed=91s
[ssw] trial 17/500  best=-503.554 eV  minima=12  elapsed=100s
[ssw] trial 18/500  best=-503.554 eV  minima=13  elapsed=110s
[ssw] trial 19/500  best=-503.554 eV  minima=14  elapsed=125s
[ssw] trial 20/500  best=-503.554 eV  minima=15  elapsed=137s
[ssw] trial 21/500  best=-503.554 eV  minima=16  elapsed=147s
[ssw] trial 22/500  best=-503.554 eV  minima=17  elapsed=152s
[ssw] trial 23/500  best=-503.554 eV  minima=18  elapsed=161s
[ssw] trial 24/500  best=-503.554 eV  minima=19  elapsed=165s
[ssw] trial 25/500  best=-503.554 eV  minima=20  elapsed=175s
[ssw] trial 26/500  best=-503.554 eV  minima=21  elapsed=186s
[ssw] trial 27/500  best=-503.554 eV  minima=22  elapsed=194s
[ssw] trial 28/500  best=-503.554 eV  minima=23  elapsed=199s
[ssw] trial 29/500  best=-503.554 eV  minima=24  elapsed=210s
[ssw] trial 30/500  best=-503.554 eV  minima=25  elapsed=222s
[ssw] trial 31/500  best=-503.554 eV  minima=26  elapsed=239s
[ssw] trial 32/500  best=-503.554 eV  minima=27  elapsed=244s
[ssw] trial 33/500  best=-503.554 eV  minima=28  elapsed=251s
[ssw] trial 34/500  best=-503.554 eV  minima=29  elapsed=265s
[ssw] trial 35/500  best=-504.034 eV  minima=30  elapsed=272s
[ssw] trial 36/500  best=-505.908 eV  minima=31  elapsed=275s
[ssw] trial 37/500  best=-505.908 eV  minima=31  elapsed=281s
[ssw] trial 38/500  best=-505.908 eV  minima=32  elapsed=297s
[ssw] trial 39/500  best=-505.908 eV  minima=32  elapsed=299s
[ssw] trial 40/500  best=-505.908 eV  minima=33  elapsed=312s
[ssw] trial 41/500  best=-505.908 eV  minima=34  elapsed=317s
[ssw] trial 42/500  best=-505.908 eV  minima=34  elapsed=317s
[ssw] trial 43/500  best=-505.908 eV  minima=35  elapsed=331s
[ssw] trial 44/500  best=-505.908 eV  minima=35  elapsed=332s
[ssw] trial 45/500  best=-505.908 eV  minima=36  elapsed=344s
[ssw] trial 46/500  best=-505.908 eV  minima=37  elapsed=355s
[ssw] trial 47/500  best=-505.908 eV  minima=38  elapsed=362s
[ssw] trial 48/500  best=-505.908 eV  minima=39  elapsed=373s
[ssw] trial 49/500  best=-505.908 eV  minima=40  elapsed=375s
[ssw] trial 50/500  best=-505.908 eV  minima=41  elapsed=387s
[ssw] trial 51/500  best=-505.908 eV  minima=42  elapsed=400s
[ssw] trial 52/500  best=-505.908 eV  minima=43  elapsed=405s
[ssw] trial 53/500  best=-505.908 eV  minima=44  elapsed=420s
[ssw] trial 54/500  best=-505.908 eV  minima=45  elapsed=426s
[ssw] trial 55/500  best=-505.908 eV  minima=45  elapsed=437s
[ssw] trial 56/500  best=-505.908 eV  minima=46  elapsed=450s
[ssw] trial 57/500  best=-505.908 eV  minima=47  elapsed=468s
[ssw] trial 58/500  best=-505.908 eV  minima=48  elapsed=482s
[ssw] trial 59/500  best=-505.908 eV  minima=49  elapsed=494s
[ssw] trial 60/500  best=-505.908 eV  minima=50  elapsed=506s
[ssw] trial 61/500  best=-505.908 eV  minima=51  elapsed=517s
[ssw] trial 62/500  best=-505.908 eV  minima=52  elapsed=528s
[ssw] trial 63/500  best=-505.908 eV  minima=53  elapsed=543s
[ssw] trial 64/500  best=-505.908 eV  minima=54  elapsed=553s
[ssw] trial 65/500  best=-505.908 eV  minima=54  elapsed=561s
[ssw] trial 66/500  best=-505.908 eV  minima=55  elapsed=575s
[ssw] trial 67/500  best=-505.908 eV  minima=56  elapsed=582s
[ssw] trial 68/500  best=-505.908 eV  minima=57  elapsed=587s
[ssw] trial 69/500  best=-505.908 eV  minima=58  elapsed=604s
[ssw] trial 70/500  best=-505.908 eV  minima=59  elapsed=618s
[ssw] trial 71/500  best=-505.908 eV  minima=60  elapsed=626s
[ssw] trial 72/500  best=-505.908 eV  minima=60  elapsed=626s
[ssw] trial 73/500  best=-505.908 eV  minima=61  elapsed=634s
[ssw] trial 74/500  best=-505.908 eV  minima=62  elapsed=651s
[ssw] trial 75/500  best=-505.908 eV  minima=63  elapsed=661s
[ssw] trial 76/500  best=-505.908 eV  minima=64  elapsed=670s
[ssw] trial 77/500  best=-505.908 eV  minima=64  elapsed=680s
[ssw] trial 78/500  best=-505.908 eV  minima=64  elapsed=683s
[ssw] trial 79/500  best=-505.908 eV  minima=64  elapsed=683s
[ssw] trial 80/500  best=-505.908 eV  minima=65  elapsed=688s
[ssw] trial 81/500  best=-505.908 eV  minima=66  elapsed=699s
[ssw] trial 82/500  best=-505.908 eV  minima=67  elapsed=717s
[ssw] trial 83/500  best=-505.908 eV  minima=68  elapsed=726s
[ssw] trial 84/500  best=-505.908 eV  minima=69  elapsed=735s
[ssw] trial 85/500  best=-505.908 eV  minima=70  elapsed=747s
[ssw] trial 86/500  best=-505.908 eV  minima=70  elapsed=748s
[ssw] trial 87/500  best=-505.908 eV  minima=71  elapsed=762s
[ssw] trial 88/500  best=-505.908 eV  minima=72  elapsed=771s
[ssw] trial 89/500  best=-505.908 eV  minima=73  elapsed=787s
[ssw] trial 90/500  best=-505.908 eV  minima=74  elapsed=802s
[ssw] trial 91/500  best=-505.908 eV  minima=75  elapsed=805s
[ssw] trial 92/500  best=-505.908 eV  minima=76  elapsed=813s
[ssw] trial 93/500  best=-505.908 eV  minima=77  elapsed=828s
[ssw] trial 94/500  best=-505.908 eV  minima=78  elapsed=833s
[ssw] trial 95/500  best=-505.908 eV  minima=79  elapsed=839s
[ssw] trial 96/500  best=-505.908 eV  minima=80  elapsed=846s
[ssw] trial 97/500  best=-505.908 eV  minima=81  elapsed=853s
[ssw] trial 98/500  best=-505.908 eV  minima=82  elapsed=872s
[ssw] trial 99/500  best=-505.908 eV  minima=83  elapsed=883s
[ssw] trial 100/500  best=-505.908 eV  minima=84  elapsed=890s
[ssw] trial 101/500  best=-505.908 eV  minima=84  elapsed=890s
[ssw] trial 102/500  best=-505.908 eV  minima=85  elapsed=902s
[ssw] trial 103/500  best=-505.908 eV  minima=85  elapsed=909s
[ssw] trial 104/500  best=-505.908 eV  minima=86  elapsed=913s
[ssw] trial 105/500  best=-505.908 eV  minima=87  elapsed=919s
[ssw] trial 106/500  best=-505.908 eV  minima=88  elapsed=929s
[ssw] trial 107/500  best=-505.908 eV  minima=89  elapsed=943s
[ssw] trial 108/500  best=-505.908 eV  minima=89  elapsed=946s
[ssw] trial 109/500  best=-505.908 eV  minima=90  elapsed=951s
[ssw] trial 110/500  best=-505.908 eV  minima=91  elapsed=955s
[ssw] trial 111/500  best=-505.908 eV  minima=92  elapsed=963s
[ssw] trial 112/500  best=-505.908 eV  minima=92  elapsed=966s
[ssw] trial 113/500  best=-505.908 eV  minima=93  elapsed=974s
[ssw] trial 114/500  best=-505.908 eV  minima=93  elapsed=975s
[ssw] trial 115/500  best=-505.908 eV  minima=94  elapsed=990s
[ssw] trial 116/500  best=-505.908 eV  minima=95  elapsed=999s
[ssw] trial 117/500  best=-505.908 eV  minima=96  elapsed=1016s
[ssw] trial 118/500  best=-505.908 eV  minima=97  elapsed=1024s
[ssw] trial 119/500  best=-505.908 eV  minima=98  elapsed=1038s
[ssw] trial 120/500  best=-505.908 eV  minima=99  elapsed=1054s
[ssw] trial 121/500  best=-505.908 eV  minima=100  elapsed=1069s
[ssw] trial 122/500  best=-505.908 eV  minima=101  elapsed=1088s
[ssw] trial 123/500  best=-505.908 eV  minima=102  elapsed=1101s
[ssw] trial 124/500  best=-505.908 eV  minima=103  elapsed=1122s
[ssw] trial 125/500  best=-505.908 eV  minima=104  elapsed=1130s
[ssw] trial 126/500  best=-505.908 eV  minima=105  elapsed=1140s
[ssw] trial 127/500  best=-505.908 eV  minima=106  elapsed=1146s
[ssw] trial 128/500  best=-505.908 eV  minima=107  elapsed=1158s
[ssw] trial 129/500  best=-505.908 eV  minima=108  elapsed=1169s
[ssw] trial 130/500  best=-505.908 eV  minima=108  elapsed=1173s
[ssw] trial 131/500  best=-505.908 eV  minima=109  elapsed=1188s
[ssw] trial 132/500  best=-505.908 eV  minima=110  elapsed=1196s
[ssw] trial 133/500  best=-505.908 eV  minima=111  elapsed=1208s
[ssw] trial 134/500  best=-505.908 eV  minima=111  elapsed=1209s
[ssw] trial 135/500  best=-505.908 eV  minima=112  elapsed=1227s
[ssw] trial 136/500  best=-505.908 eV  minima=113  elapsed=1239s
[ssw] trial 137/500  best=-505.908 eV  minima=114  elapsed=1247s
[ssw] trial 138/500  best=-505.908 eV  minima=115  elapsed=1260s
[ssw] trial 139/500  best=-505.908 eV  minima=116  elapsed=1277s
[ssw] trial 140/500  best=-505.908 eV  minima=116  elapsed=1281s
[ssw] trial 141/500  best=-505.908 eV  minima=117  elapsed=1292s
[ssw] trial 142/500  best=-505.908 eV  minima=118  elapsed=1308s
[ssw] trial 143/500  best=-505.908 eV  minima=119  elapsed=1330s
[ssw] trial 144/500  best=-505.908 eV  minima=120  elapsed=1338s
[ssw] trial 145/500  best=-505.908 eV  minima=121  elapsed=1355s
[ssw] trial 146/500  best=-505.908 eV  minima=122  elapsed=1361s
[ssw] trial 147/500  best=-505.908 eV  minima=123  elapsed=1368s
[ssw] trial 148/500  best=-505.908 eV  minima=124  elapsed=1373s
[ssw] trial 149/500  best=-505.908 eV  minima=125  elapsed=1385s
[ssw] trial 150/500  best=-505.908 eV  minima=125  elapsed=1392s
[ssw] trial 151/500  best=-505.908 eV  minima=125  elapsed=1393s
[ssw] trial 152/500  best=-505.908 eV  minima=126  elapsed=1400s
[ssw] trial 153/500  best=-505.908 eV  minima=127  elapsed=1407s
[ssw] trial 154/500  best=-505.908 eV  minima=128  elapsed=1416s
[ssw] trial 155/500  best=-505.908 eV  minima=129  elapsed=1426s
[ssw] trial 156/500  best=-505.908 eV  minima=130  elapsed=1433s
[ssw] trial 157/500  best=-505.908 eV  minima=130  elapsed=1443s
[ssw] trial 158/500  best=-505.908 eV  minima=131  elapsed=1453s
[ssw] trial 159/500  best=-505.908 eV  minima=131  elapsed=1456s
[ssw] trial 160/500  best=-505.908 eV  minima=131  elapsed=1457s
[ssw] trial 161/500  best=-505.908 eV  minima=131  elapsed=1459s
[ssw] trial 162/500  best=-505.908 eV  minima=132  elapsed=1467s
[ssw] trial 163/500  best=-505.908 eV  minima=133  elapsed=1474s
[ssw] trial 164/500  best=-505.908 eV  minima=134  elapsed=1487s
[ssw] trial 165/500  best=-505.908 eV  minima=135  elapsed=1494s
[ssw] trial 166/500  best=-505.908 eV  minima=136  elapsed=1503s
[ssw] trial 167/500  best=-505.908 eV  minima=137  elapsed=1513s
[ssw] trial 168/500  best=-505.908 eV  minima=138  elapsed=1520s
[ssw] trial 169/500  best=-505.908 eV  minima=139  elapsed=1530s
[ssw] trial 170/500  best=-505.908 eV  minima=140  elapsed=1538s
[ssw] trial 171/500  best=-505.908 eV  minima=141  elapsed=1557s
[ssw] trial 172/500  best=-505.908 eV  minima=142  elapsed=1574s
[ssw] trial 173/500  best=-505.908 eV  minima=143  elapsed=1588s
[ssw] trial 174/500  best=-505.908 eV  minima=144  elapsed=1596s
[ssw] trial 175/500  best=-505.908 eV  minima=145  elapsed=1609s
[ssw] trial 176/500  best=-505.908 eV  minima=146  elapsed=1614s
[ssw] trial 177/500  best=-505.908 eV  minima=147  elapsed=1619s
[ssw] trial 178/500  best=-505.908 eV  minima=148  elapsed=1625s
[ssw] trial 179/500  best=-505.908 eV  minima=149  elapsed=1634s
[ssw] trial 180/500  best=-505.908 eV  minima=150  elapsed=1640s
[ssw] trial 181/500  best=-505.908 eV  minima=151  elapsed=1644s
[ssw] trial 182/500  best=-505.908 eV  minima=152  elapsed=1652s
[ssw] trial 183/500  best=-505.908 eV  minima=152  elapsed=1653s
[ssw] trial 184/500  best=-505.908 eV  minima=153  elapsed=1669s
[ssw] trial 185/500  best=-505.908 eV  minima=154  elapsed=1674s
[ssw] trial 186/500  best=-505.908 eV  minima=155  elapsed=1684s
[ssw] trial 187/500  best=-505.908 eV  minima=155  elapsed=1691s
[ssw] trial 188/500  best=-505.908 eV  minima=156  elapsed=1698s
[ssw] trial 189/500  best=-505.908 eV  minima=157  elapsed=1703s
[ssw] trial 190/500  best=-505.908 eV  minima=158  elapsed=1713s
[ssw] trial 191/500  best=-505.908 eV  minima=158  elapsed=1720s
[ssw] trial 192/500  best=-505.908 eV  minima=159  elapsed=1724s
[ssw] trial 193/500  best=-505.908 eV  minima=160  elapsed=1737s
[ssw] trial 194/500  best=-505.908 eV  minima=161  elapsed=1751s
[ssw] trial 195/500  best=-505.908 eV  minima=162  elapsed=1760s
[ssw] trial 196/500  best=-505.908 eV  minima=163  elapsed=1771s
[ssw] trial 197/500  best=-505.908 eV  minima=163  elapsed=1774s
[ssw] trial 198/500  best=-505.908 eV  minima=163  elapsed=1776s
[ssw] trial 199/500  best=-505.908 eV  minima=164  elapsed=1788s
[ssw] trial 200/500  best=-505.908 eV  minima=165  elapsed=1795s
[ssw] trial 201/500  best=-505.908 eV  minima=166  elapsed=1806s
[ssw] trial 202/500  best=-505.908 eV  minima=167  elapsed=1821s
[ssw] trial 203/500  best=-505.908 eV  minima=168  elapsed=1835s
[ssw] trial 204/500  best=-505.908 eV  minima=169  elapsed=1853s
[ssw] trial 205/500  best=-505.908 eV  minima=170  elapsed=1865s
[ssw] trial 206/500  best=-505.908 eV  minima=170  elapsed=1865s
[ssw] trial 207/500  best=-505.908 eV  minima=171  elapsed=1871s
[ssw] trial 208/500  best=-505.908 eV  minima=172  elapsed=1886s
[ssw] trial 209/500  best=-505.908 eV  minima=172  elapsed=1887s
[ssw] trial 210/500  best=-505.908 eV  minima=173  elapsed=1900s
[ssw] trial 211/500  best=-505.908 eV  minima=174  elapsed=1915s
[ssw] trial 212/500  best=-505.908 eV  minima=174  elapsed=1916s
[ssw] trial 213/500  best=-505.908 eV  minima=175  elapsed=1926s
[ssw] trial 214/500  best=-505.908 eV  minima=176  elapsed=1937s
[ssw] trial 215/500  best=-505.908 eV  minima=177  elapsed=1952s
[ssw] trial 216/500  best=-505.908 eV  minima=178  elapsed=1962s
[ssw] trial 217/500  best=-505.908 eV  minima=179  elapsed=1970s
[ssw] trial 218/500  best=-505.908 eV  minima=180  elapsed=1983s
[ssw] trial 219/500  best=-505.908 eV  minima=180  elapsed=1984s
[ssw] trial 220/500  best=-505.908 eV  minima=180  elapsed=1989s
[ssw] trial 221/500  best=-505.908 eV  minima=181  elapsed=2001s
[ssw] trial 222/500  best=-505.908 eV  minima=181  elapsed=2004s
[ssw] trial 223/500  best=-505.908 eV  minima=182  elapsed=2009s
[ssw] trial 224/500  best=-505.908 eV  minima=183  elapsed=2016s
[ssw] trial 225/500  best=-505.908 eV  minima=184  elapsed=2028s
[ssw] trial 226/500  best=-505.908 eV  minima=185  elapsed=2031s
[ssw] trial 227/500  best=-505.908 eV  minima=186  elapsed=2047s
[ssw] trial 228/500  best=-505.908 eV  minima=187  elapsed=2061s
[ssw] trial 229/500  best=-505.908 eV  minima=187  elapsed=2062s
[ssw] trial 230/500  best=-505.908 eV  minima=187  elapsed=2063s
[ssw] trial 231/500  best=-505.908 eV  minima=188  elapsed=2080s
[ssw] trial 232/500  best=-505.908 eV  minima=189  elapsed=2092s
[ssw] trial 233/500  best=-505.908 eV  minima=190  elapsed=2098s
[ssw] trial 234/500  best=-505.908 eV  minima=191  elapsed=2103s
[ssw] trial 235/500  best=-505.908 eV  minima=191  elapsed=2107s
[ssw] trial 236/500  best=-505.908 eV  minima=192  elapsed=2115s
[ssw] trial 237/500  best=-505.908 eV  minima=193  elapsed=2127s
[ssw] trial 238/500  best=-505.908 eV  minima=194  elapsed=2135s
[ssw] trial 239/500  best=-505.908 eV  minima=195  elapsed=2141s
[ssw] trial 240/500  best=-505.908 eV  minima=196  elapsed=2148s
[ssw] trial 241/500  best=-505.908 eV  minima=196  elapsed=2149s
[ssw] trial 242/500  best=-505.908 eV  minima=197  elapsed=2159s
[ssw] trial 243/500  best=-505.908 eV  minima=198  elapsed=2178s
[ssw] trial 244/500  best=-505.908 eV  minima=199  elapsed=2187s
[ssw] trial 245/500  best=-505.908 eV  minima=200  elapsed=2191s
[ssw] trial 246/500  best=-505.908 eV  minima=201  elapsed=2204s
[ssw] trial 247/500  best=-505.908 eV  minima=202  elapsed=2210s
[ssw] trial 248/500  best=-505.908 eV  minima=203  elapsed=2219s
[ssw] trial 249/500  best=-505.908 eV  minima=203  elapsed=2230s
[ssw] trial 250/500  best=-505.908 eV  minima=203  elapsed=2231s
[ssw] trial 251/500  best=-505.908 eV  minima=204  elapsed=2236s
[ssw] trial 252/500  best=-505.908 eV  minima=205  elapsed=2248s
[ssw] trial 253/500  best=-505.908 eV  minima=206  elapsed=2257s
[ssw] trial 254/500  best=-505.908 eV  minima=207  elapsed=2264s
[ssw] trial 255/500  best=-505.908 eV  minima=208  elapsed=2269s
[ssw] trial 256/500  best=-505.908 eV  minima=209  elapsed=2281s
[ssw] trial 257/500  best=-505.908 eV  minima=210  elapsed=2288s
[ssw] trial 258/500  best=-505.908 eV  minima=211  elapsed=2297s
[ssw] trial 259/500  best=-505.908 eV  minima=212  elapsed=2315s
[ssw] trial 260/500  best=-505.908 eV  minima=213  elapsed=2331s
[ssw] trial 261/500  best=-505.908 eV  minima=214  elapsed=2343s
[ssw] trial 262/500  best=-505.908 eV  minima=215  elapsed=2350s
[ssw] trial 263/500  best=-505.908 eV  minima=215  elapsed=2357s
[ssw] trial 264/500  best=-505.908 eV  minima=216  elapsed=2363s
[ssw] trial 265/500  best=-505.908 eV  minima=217  elapsed=2369s
[ssw] trial 266/500  best=-505.908 eV  minima=218  elapsed=2381s
[ssw] trial 267/500  best=-505.908 eV  minima=219  elapsed=2389s
[ssw] trial 268/500  best=-505.908 eV  minima=220  elapsed=2403s
[ssw] trial 269/500  best=-505.908 eV  minima=221  elapsed=2411s
[ssw] trial 270/500  best=-505.908 eV  minima=222  elapsed=2420s
[ssw] trial 271/500  best=-505.908 eV  minima=223  elapsed=2429s
[ssw] trial 272/500  best=-505.908 eV  minima=224  elapsed=2435s
[ssw] trial 273/500  best=-505.908 eV  minima=225  elapsed=2452s
[ssw] trial 274/500  best=-505.908 eV  minima=226  elapsed=2467s
[ssw] trial 275/500  best=-505.908 eV  minima=227  elapsed=2478s
[ssw] trial 276/500  best=-505.908 eV  minima=228  elapsed=2490s
[ssw] trial 277/500  best=-505.908 eV  minima=229  elapsed=2498s
[ssw] trial 278/500  best=-505.908 eV  minima=230  elapsed=2514s
[ssw] trial 279/500  best=-505.908 eV  minima=231  elapsed=2520s
[ssw] trial 280/500  best=-505.908 eV  minima=232  elapsed=2534s
[ssw] trial 281/500  best=-505.908 eV  minima=233  elapsed=2538s
[ssw] trial 282/500  best=-505.908 eV  minima=233  elapsed=2549s
[ssw] trial 283/500  best=-505.908 eV  minima=234  elapsed=2567s
[ssw] trial 284/500  best=-505.908 eV  minima=235  elapsed=2576s
[ssw] trial 285/500  best=-505.908 eV  minima=236  elapsed=2595s
[ssw] trial 286/500  best=-505.908 eV  minima=237  elapsed=2609s
[ssw] trial 287/500  best=-505.908 eV  minima=238  elapsed=2618s
[ssw] trial 288/500  best=-505.908 eV  minima=238  elapsed=2633s
[ssw] trial 289/500  best=-505.908 eV  minima=239  elapsed=2637s
[ssw] trial 290/500  best=-505.908 eV  minima=240  elapsed=2652s
[ssw] trial 291/500  best=-505.908 eV  minima=241  elapsed=2671s
[ssw] trial 292/500  best=-505.908 eV  minima=242  elapsed=2689s
[ssw] trial 293/500  best=-505.908 eV  minima=243  elapsed=2695s
[ssw] trial 294/500  best=-505.908 eV  minima=244  elapsed=2703s
[ssw] trial 295/500  best=-505.908 eV  minima=245  elapsed=2720s
[ssw] trial 296/500  best=-505.908 eV  minima=246  elapsed=2725s
[ssw] trial 297/500  best=-505.908 eV  minima=246  elapsed=2728s
[ssw] trial 298/500  best=-505.908 eV  minima=247  elapsed=2743s
[ssw] trial 299/500  best=-505.908 eV  minima=248  elapsed=2762s
[ssw] trial 300/500  best=-505.908 eV  minima=248  elapsed=2763s
[ssw] trial 301/500  best=-505.908 eV  minima=249  elapsed=2775s
[ssw] trial 302/500  best=-505.908 eV  minima=250  elapsed=2787s
[ssw] trial 303/500  best=-505.908 eV  minima=251  elapsed=2797s
[ssw] trial 304/500  best=-505.908 eV  minima=252  elapsed=2814s
[ssw] trial 305/500  best=-505.908 eV  minima=253  elapsed=2831s
[ssw] trial 306/500  best=-505.908 eV  minima=254  elapsed=2846s
[ssw] trial 307/500  best=-505.908 eV  minima=255  elapsed=2850s
[ssw] trial 308/500  best=-505.908 eV  minima=256  elapsed=2856s
[ssw] trial 309/500  best=-505.908 eV  minima=257  elapsed=2875s
[ssw] trial 310/500  best=-505.908 eV  minima=258  elapsed=2884s
[ssw] trial 311/500  best=-505.908 eV  minima=259  elapsed=2895s
[ssw] trial 312/500  best=-505.908 eV  minima=259  elapsed=2907s
[ssw] trial 313/500  best=-506.443 eV  minima=260  elapsed=2914s
[ssw] trial 314/500  best=-506.443 eV  minima=261  elapsed=2926s
[ssw] trial 315/500  best=-506.443 eV  minima=262  elapsed=2938s
[ssw] trial 316/500  best=-506.443 eV  minima=263  elapsed=2945s
[ssw] trial 317/500  best=-506.443 eV  minima=264  elapsed=2957s
[ssw] trial 318/500  best=-506.443 eV  minima=265  elapsed=2971s
[ssw] trial 319/500  best=-506.443 eV  minima=266  elapsed=2977s
[ssw] trial 320/500  best=-506.443 eV  minima=267  elapsed=2992s
[ssw] trial 321/500  best=-506.443 eV  minima=268  elapsed=2998s
[ssw] trial 322/500  best=-506.443 eV  minima=269  elapsed=3007s
[ssw] trial 323/500  best=-506.443 eV  minima=270  elapsed=3026s
[ssw] trial 324/500  best=-506.443 eV  minima=271  elapsed=3039s
[ssw] trial 325/500  best=-506.443 eV  minima=272  elapsed=3048s
[ssw] trial 326/500  best=-506.443 eV  minima=273  elapsed=3057s
[ssw] trial 327/500  best=-506.443 eV  minima=274  elapsed=3065s
[ssw] trial 328/500  best=-506.443 eV  minima=275  elapsed=3075s
[ssw] trial 329/500  best=-506.443 eV  minima=276  elapsed=3086s
[ssw] trial 330/500  best=-506.443 eV  minima=277  elapsed=3095s
[ssw] trial 331/500  best=-506.443 eV  minima=278  elapsed=3102s
[ssw] trial 332/500  best=-506.443 eV  minima=279  elapsed=3121s
[ssw] trial 333/500  best=-506.443 eV  minima=280  elapsed=3129s
[ssw] trial 334/500  best=-506.443 eV  minima=281  elapsed=3145s
[ssw] trial 335/500  best=-506.443 eV  minima=282  elapsed=3153s
[ssw] trial 336/500  best=-506.443 eV  minima=283  elapsed=3160s
[ssw] trial 337/500  best=-506.443 eV  minima=283  elapsed=3172s
[ssw] trial 338/500  best=-506.443 eV  minima=284  elapsed=3176s
[ssw] trial 339/500  best=-506.443 eV  minima=285  elapsed=3184s
[ssw] trial 340/500  best=-506.443 eV  minima=286  elapsed=3191s
[ssw] trial 341/500  best=-506.443 eV  minima=287  elapsed=3203s
[ssw] trial 342/500  best=-506.443 eV  minima=288  elapsed=3213s
[ssw] trial 343/500  best=-506.443 eV  minima=289  elapsed=3225s
[ssw] trial 344/500  best=-506.443 eV  minima=290  elapsed=3232s
[ssw] trial 345/500  best=-506.443 eV  minima=290  elapsed=3242s
[ssw] trial 346/500  best=-506.443 eV  minima=291  elapsed=3249s
[ssw] trial 347/500  best=-506.443 eV  minima=292  elapsed=3255s
[ssw] trial 348/500  best=-506.443 eV  minima=293  elapsed=3269s
[ssw] trial 349/500  best=-506.443 eV  minima=294  elapsed=3277s
[ssw] trial 350/500  best=-506.443 eV  minima=295  elapsed=3294s
[ssw] trial 351/500  best=-506.443 eV  minima=296  elapsed=3303s
[ssw] trial 352/500  best=-506.443 eV  minima=297  elapsed=3313s
[ssw] trial 353/500  best=-506.443 eV  minima=298  elapsed=3321s
[ssw] trial 354/500  best=-506.443 eV  minima=299  elapsed=3331s
[ssw] trial 355/500  best=-506.443 eV  minima=300  elapsed=3337s
[ssw] trial 356/500  best=-506.443 eV  minima=301  elapsed=3354s
[ssw] trial 357/500  best=-506.443 eV  minima=301  elapsed=3356s
[ssw] trial 358/500  best=-506.443 eV  minima=302  elapsed=3368s
[ssw] trial 359/500  best=-506.443 eV  minima=303  elapsed=3375s
[ssw] trial 360/500  best=-506.443 eV  minima=304  elapsed=3388s
[ssw] trial 361/500  best=-506.443 eV  minima=305  elapsed=3399s
[ssw] trial 362/500  best=-506.443 eV  minima=306  elapsed=3415s
[ssw] trial 363/500  best=-506.443 eV  minima=307  elapsed=3425s
[ssw] trial 364/500  best=-506.443 eV  minima=308  elapsed=3440s
[ssw] trial 365/500  best=-506.443 eV  minima=309  elapsed=3456s
[ssw] trial 366/500  best=-506.443 eV  minima=310  elapsed=3462s
[ssw] trial 367/500  best=-506.443 eV  minima=311  elapsed=3481s
[ssw] trial 368/500  best=-506.443 eV  minima=311  elapsed=3483s
[ssw] trial 369/500  best=-506.443 eV  minima=312  elapsed=3490s
[ssw] trial 370/500  best=-506.443 eV  minima=313  elapsed=3496s
[ssw] trial 371/500  best=-506.443 eV  minima=314  elapsed=3503s
[ssw] trial 372/500  best=-506.443 eV  minima=315  elapsed=3520s
[ssw] trial 373/500  best=-506.443 eV  minima=316  elapsed=3531s
[ssw] trial 374/500  best=-506.443 eV  minima=317  elapsed=3544s
[ssw] trial 375/500  best=-506.443 eV  minima=317  elapsed=3545s
[ssw] trial 376/500  best=-506.443 eV  minima=318  elapsed=3558s
[ssw] trial 377/500  best=-506.443 eV  minima=319  elapsed=3570s
[ssw] trial 378/500  best=-506.443 eV  minima=320  elapsed=3576s
[ssw] trial 379/500  best=-506.443 eV  minima=321  elapsed=3588s
[ssw] trial 380/500  best=-506.443 eV  minima=322  elapsed=3597s
[ssw] trial 381/500  best=-506.443 eV  minima=323  elapsed=3612s
[ssw] trial 382/500  best=-506.443 eV  minima=324  elapsed=3618s
[ssw] trial 383/500  best=-507.632 eV  minima=325  elapsed=3624s
[ssw] trial 384/500  best=-507.632 eV  minima=326  elapsed=3637s
[ssw] trial 385/500  best=-507.632 eV  minima=327  elapsed=3651s
[ssw] trial 386/500  best=-507.632 eV  minima=328  elapsed=3668s
[ssw] trial 387/500  best=-507.632 eV  minima=329  elapsed=3676s
[ssw] trial 388/500  best=-507.632 eV  minima=329  elapsed=3677s
[ssw] trial 389/500  best=-507.632 eV  minima=330  elapsed=3691s
[ssw] trial 390/500  best=-507.632 eV  minima=330  elapsed=3697s
[ssw] trial 391/500  best=-507.632 eV  minima=331  elapsed=3708s
[ssw] trial 392/500  best=-507.632 eV  minima=331  elapsed=3712s
[ssw] trial 393/500  best=-507.632 eV  minima=332  elapsed=3724s
[ssw] trial 394/500  best=-507.632 eV  minima=333  elapsed=3737s
[ssw] trial 395/500  best=-507.632 eV  minima=334  elapsed=3755s
[ssw] trial 396/500  best=-507.632 eV  minima=335  elapsed=3765s
[ssw] trial 397/500  best=-507.632 eV  minima=336  elapsed=3782s
[ssw] trial 398/500  best=-507.632 eV  minima=337  elapsed=3796s
[ssw] trial 399/500  best=-507.632 eV  minima=338  elapsed=3809s
[ssw] trial 400/500  best=-507.632 eV  minima=339  elapsed=3821s
[ssw] trial 401/500  best=-507.632 eV  minima=340  elapsed=3833s
[ssw] trial 402/500  best=-507.632 eV  minima=341  elapsed=3839s
[ssw] trial 403/500  best=-507.632 eV  minima=342  elapsed=3851s
[ssw] trial 404/500  best=-507.632 eV  minima=343  elapsed=3865s
[ssw] trial 405/500  best=-507.632 eV  minima=343  elapsed=3866s
[ssw] trial 406/500  best=-507.632 eV  minima=344  elapsed=3876s
[ssw] trial 407/500  best=-507.632 eV  minima=345  elapsed=3895s
[ssw] trial 408/500  best=-507.632 eV  minima=345  elapsed=3912s
[ssw] trial 409/500  best=-507.632 eV  minima=346  elapsed=3925s
[ssw] trial 410/500  best=-507.632 eV  minima=347  elapsed=3941s
[ssw] trial 411/500  best=-507.632 eV  minima=348  elapsed=3951s
[ssw] trial 412/500  best=-507.632 eV  minima=349  elapsed=3959s
[ssw] trial 413/500  best=-507.632 eV  minima=350  elapsed=3971s
[ssw] trial 414/500  best=-507.632 eV  minima=351  elapsed=3976s
[ssw] trial 415/500  best=-507.632 eV  minima=352  elapsed=3981s
[ssw] trial 416/500  best=-507.632 eV  minima=353  elapsed=3999s
[ssw] trial 417/500  best=-507.632 eV  minima=354  elapsed=4016s
[ssw] trial 418/500  best=-507.632 eV  minima=355  elapsed=4035s
[ssw] trial 419/500  best=-507.632 eV  minima=356  elapsed=4041s
[ssw] trial 420/500  best=-507.632 eV  minima=357  elapsed=4058s
[ssw] trial 421/500  best=-507.632 eV  minima=357  elapsed=4069s
[ssw] trial 422/500  best=-507.632 eV  minima=357  elapsed=4078s
[ssw] trial 423/500  best=-507.632 eV  minima=358  elapsed=4089s
[ssw] trial 424/500  best=-507.632 eV  minima=359  elapsed=4095s
[ssw] trial 425/500  best=-507.632 eV  minima=360  elapsed=4109s
[ssw] trial 426/500  best=-507.632 eV  minima=360  elapsed=4119s
[ssw] trial 427/500  best=-507.632 eV  minima=361  elapsed=4130s
[ssw] trial 428/500  best=-507.632 eV  minima=361  elapsed=4141s
[ssw] trial 429/500  best=-507.632 eV  minima=362  elapsed=4150s
[ssw] trial 430/500  best=-507.632 eV  minima=363  elapsed=4160s
[ssw] trial 431/500  best=-507.632 eV  minima=364  elapsed=4171s
[ssw] trial 432/500  best=-507.632 eV  minima=365  elapsed=4181s
[ssw] trial 433/500  best=-507.632 eV  minima=366  elapsed=4193s
[ssw] trial 434/500  best=-507.632 eV  minima=367  elapsed=4209s
[ssw] trial 435/500  best=-507.632 eV  minima=368  elapsed=4221s
[ssw] trial 436/500  best=-507.632 eV  minima=369  elapsed=4240s
[ssw] trial 437/500  best=-507.632 eV  minima=370  elapsed=4256s
[ssw] trial 438/500  best=-507.632 eV  minima=371  elapsed=4272s
[ssw] trial 439/500  best=-507.632 eV  minima=372  elapsed=4283s
[ssw] trial 440/500  best=-507.632 eV  minima=372  elapsed=4285s
[ssw] trial 441/500  best=-507.632 eV  minima=373  elapsed=4294s
[ssw] trial 442/500  best=-507.632 eV  minima=374  elapsed=4305s
[ssw] trial 443/500  best=-507.632 eV  minima=374  elapsed=4315s
[ssw] trial 444/500  best=-507.632 eV  minima=374  elapsed=4325s
[ssw] trial 445/500  best=-507.632 eV  minima=375  elapsed=4333s
[ssw] trial 446/500  best=-507.632 eV  minima=376  elapsed=4348s
[ssw] trial 447/500  best=-507.632 eV  minima=377  elapsed=4357s
[ssw] trial 448/500  best=-507.632 eV  minima=377  elapsed=4363s
[ssw] trial 449/500  best=-507.632 eV  minima=378  elapsed=4375s
[ssw] trial 450/500  best=-507.632 eV  minima=379  elapsed=4381s
[ssw] trial 451/500  best=-507.632 eV  minima=379  elapsed=4382s
[ssw] trial 452/500  best=-507.632 eV  minima=379  elapsed=4393s
[ssw] trial 453/500  best=-507.632 eV  minima=380  elapsed=4398s
[ssw] trial 454/500  best=-507.632 eV  minima=381  elapsed=4405s
[ssw] trial 455/500  best=-507.632 eV  minima=382  elapsed=4415s
[ssw] trial 456/500  best=-507.632 eV  minima=383  elapsed=4422s
[ssw] trial 457/500  best=-507.632 eV  minima=384  elapsed=4435s
[ssw] trial 458/500  best=-507.632 eV  minima=385  elapsed=4448s
[ssw] trial 459/500  best=-507.632 eV  minima=385  elapsed=4461s
[ssw] trial 460/500  best=-507.632 eV  minima=386  elapsed=4472s
[ssw] trial 461/500  best=-507.632 eV  minima=387  elapsed=4478s
[ssw] trial 462/500  best=-507.632 eV  minima=388  elapsed=4497s
[ssw] trial 463/500  best=-507.632 eV  minima=389  elapsed=4516s
[ssw] trial 464/500  best=-507.632 eV  minima=389  elapsed=4530s
[ssw] trial 465/500  best=-507.632 eV  minima=390  elapsed=4548s
[ssw] trial 466/500  best=-507.632 eV  minima=391  elapsed=4554s
[ssw] trial 467/500  best=-507.632 eV  minima=392  elapsed=4564s
[ssw] trial 468/500  best=-507.632 eV  minima=393  elapsed=4582s
[ssw] trial 469/500  best=-507.632 eV  minima=394  elapsed=4590s
[ssw] trial 470/500  best=-507.632 eV  minima=395  elapsed=4600s
[ssw] trial 471/500  best=-507.632 eV  minima=396  elapsed=4615s
[ssw] trial 472/500  best=-507.632 eV  minima=396  elapsed=4624s
[ssw] trial 473/500  best=-507.632 eV  minima=396  elapsed=4626s
[ssw] trial 474/500  best=-507.632 eV  minima=397  elapsed=4635s
[ssw] trial 475/500  best=-507.632 eV  minima=398  elapsed=4642s
[ssw] trial 476/500  best=-507.632 eV  minima=399  elapsed=4652s
[ssw] trial 477/500  best=-507.632 eV  minima=400  elapsed=4662s
[ssw] trial 478/500  best=-507.632 eV  minima=401  elapsed=4674s
[ssw] trial 479/500  best=-507.632 eV  minima=402  elapsed=4681s
[ssw] trial 480/500  best=-507.761 eV  minima=403  elapsed=4686s
[ssw] trial 481/500  best=-507.761 eV  minima=403  elapsed=4698s
[ssw] trial 482/500  best=-507.761 eV  minima=404  elapsed=4718s
[ssw] trial 483/500  best=-507.761 eV  minima=405  elapsed=4724s
[ssw] trial 484/500  best=-507.761 eV  minima=406  elapsed=4732s
[ssw] trial 485/500  best=-507.761 eV  minima=406  elapsed=4734s
[ssw] trial 486/500  best=-507.761 eV  minima=407  elapsed=4744s
[ssw] trial 487/500  best=-507.761 eV  minima=408  elapsed=4751s
[ssw] trial 488/500  best=-507.761 eV  minima=409  elapsed=4765s
[ssw] trial 489/500  best=-507.761 eV  minima=410  elapsed=4786s
[ssw] trial 490/500  best=-507.761 eV  minima=411  elapsed=4800s
[ssw] trial 491/500  best=-507.761 eV  minima=412  elapsed=4815s
[ssw] trial 492/500  best=-507.761 eV  minima=413  elapsed=4833s
[ssw] trial 493/500  best=-507.761 eV  minima=414  elapsed=4851s
[ssw] trial 494/500  best=-507.761 eV  minima=414  elapsed=4853s
[ssw] trial 495/500  best=-507.761 eV  minima=415  elapsed=4862s
[ssw] trial 496/500  best=-507.761 eV  minima=416  elapsed=4871s
[ssw] trial 497/500  best=-507.761 eV  minima=417  elapsed=4882s
[ssw] trial 498/500  best=-507.761 eV  minima=418  elapsed=4888s
[ssw] trial 499/500  best=-507.761 eV  minima=419  elapsed=4901s
[ssw] trial 500/500  best=-507.761 eV  minima=420  elapsed=4920s
[ssw] done: 500 trials, 420 minima, best=-507.761 eV, elapsed=4920s
/root/bin/mace-0.3.14/mace/calculators/mace.py:199: UserWarning: Environment variable TORCH_FORCE_NO_WEIGHTS_ONLY_LOAD detected, since the`weights_only` argument was not explicitly passed to `torch.load`, forcing weights_only=False.
  torch.load(f=model_path, map_location=device)
/root/bin/mace-0.3.14/mace/modules/models.py:509: FutureWarning: `torch.cuda.amp.autocast(args...)` is deprecated. Please use `torch.amp.autocast('cuda', args...)` instead.
  with autocast(enabled=use_amp, dtype=torch.bfloat16):
Using head omat_pbe out of ['omat_pbe']
Default dtype float32 does not match model dtype float64, converting models to float32.
Setting inference mode to: enable_amp = False
[ssw] starting 500 trials...
[ssw] trial 1/500  best=-476.792 eV  minima=2  elapsed=7s
[ssw] trial 2/500  best=-478.785 eV  minima=3  elapsed=15s
[ssw] trial 3/500  best=-481.482 eV  minima=4  elapsed=22s
[ssw] trial 4/500  best=-481.482 eV  minima=5  elapsed=30s
[ssw] trial 5/500  best=-481.482 eV  minima=6  elapsed=37s
[ssw] trial 6/500  best=-482.286 eV  minima=7  elapsed=44s
[ssw] trial 7/500  best=-482.286 eV  minima=8  elapsed=51s
[ssw] trial 8/500  best=-483.178 eV  minima=9  elapsed=59s
[ssw] trial 9/500  best=-486.011 eV  minima=10  elapsed=67s
[ssw] trial 10/500  best=-486.435 eV  minima=11  elapsed=75s
[ssw] trial 11/500  best=-488.341 eV  minima=12  elapsed=81s
[ssw] trial 12/500  best=-488.341 eV  minima=13  elapsed=90s
[ssw] trial 13/500  best=-488.341 eV  minima=14  elapsed=97s
[ssw] trial 14/500  best=-494.764 eV  minima=15  elapsed=103s
[ssw] trial 15/500  best=-494.764 eV  minima=16  elapsed=111s
[ssw] trial 16/500  best=-494.764 eV  minima=17  elapsed=118s
[ssw] trial 17/500  best=-494.777 eV  minima=18  elapsed=126s
[ssw] trial 18/500  best=-494.777 eV  minima=19  elapsed=134s
[ssw] trial 19/500  best=-497.479 eV  minima=20  elapsed=141s
[ssw] trial 20/500  best=-497.479 eV  minima=21  elapsed=148s
[ssw] trial 21/500  best=-497.479 eV  minima=21  elapsed=156s
[ssw] trial 22/500  best=-497.479 eV  minima=22  elapsed=164s
[ssw] trial 23/500  best=-497.479 eV  minima=22  elapsed=165s
[ssw] trial 24/500  best=-497.479 eV  minima=23  elapsed=172s
[ssw] trial 25/500  best=-497.479 eV  minima=24  elapsed=180s
[ssw] trial 26/500  best=-497.479 eV  minima=25  elapsed=187s
[ssw] trial 27/500  best=-497.479 eV  minima=26  elapsed=195s
[ssw] trial 28/500  best=-497.479 eV  minima=26  elapsed=202s
[ssw] trial 29/500  best=-497.479 eV  minima=26  elapsed=202s
[ssw] trial 30/500  best=-497.479 eV  minima=26  elapsed=210s
[ssw] trial 31/500  best=-497.479 eV  minima=27  elapsed=217s
[ssw] trial 32/500  best=-498.211 eV  minima=28  elapsed=223s
[ssw] trial 33/500  best=-498.211 eV  minima=29  elapsed=231s
[ssw] trial 34/500  best=-498.211 eV  minima=29  elapsed=238s
[ssw] trial 35/500  best=-498.211 eV  minima=29  elapsed=246s
[ssw] trial 36/500  best=-498.211 eV  minima=29  elapsed=253s
[ssw] trial 37/500  best=-498.211 eV  minima=30  elapsed=261s
[ssw] trial 38/500  best=-498.211 eV  minima=30  elapsed=269s
[ssw] trial 39/500  best=-499.736 eV  minima=31  elapsed=276s
[ssw] trial 40/500  best=-505.024 eV  minima=32  elapsed=282s
[ssw] trial 41/500  best=-505.024 eV  minima=32  elapsed=290s
[ssw] trial 42/500  best=-505.024 eV  minima=32  elapsed=296s
[ssw] trial 43/500  best=-505.024 eV  minima=32  elapsed=303s
[ssw] trial 44/500  best=-505.024 eV  minima=32  elapsed=310s
[ssw] trial 45/500  best=-505.024 eV  minima=33  elapsed=318s
[ssw] trial 46/500  best=-505.024 eV  minima=34  elapsed=325s
[ssw] trial 47/500  best=-505.024 eV  minima=35  elapsed=332s
[ssw] trial 48/500  best=-505.024 eV  minima=36  elapsed=339s
[ssw] trial 49/500  best=-505.024 eV  minima=36  elapsed=347s
[ssw] trial 50/500  best=-505.024 eV  minima=37  elapsed=354s
[ssw] trial 51/500  best=-505.024 eV  minima=38  elapsed=358s
[ssw] trial 52/500  best=-505.024 eV  minima=38  elapsed=365s
[ssw] trial 53/500  best=-505.024 eV  minima=38  elapsed=372s
[ssw] trial 54/500  best=-505.024 eV  minima=39  elapsed=379s
[ssw] trial 55/500  best=-505.024 eV  minima=39  elapsed=386s
[ssw] trial 56/500  best=-505.024 eV  minima=39  elapsed=393s
[ssw] trial 57/500  best=-505.024 eV  minima=39  elapsed=401s
[ssw] trial 58/500  best=-505.024 eV  minima=40  elapsed=408s
[ssw] trial 59/500  best=-507.782 eV  minima=41  elapsed=415s
[ssw] trial 60/500  best=-507.782 eV  minima=41  elapsed=423s
[ssw] trial 61/500  best=-507.782 eV  minima=41  elapsed=430s
[ssw] trial 62/500  best=-507.782 eV  minima=41  elapsed=437s
[ssw] trial 63/500  best=-507.782 eV  minima=41  elapsed=445s
[ssw] trial 64/500  best=-507.782 eV  minima=42  elapsed=452s
[ssw] trial 65/500  best=-507.782 eV  minima=42  elapsed=458s
[ssw] trial 66/500  best=-507.782 eV  minima=42  elapsed=463s
[ssw] trial 67/500  best=-507.782 eV  minima=43  elapsed=470s
[ssw] trial 68/500  best=-507.782 eV  minima=44  elapsed=477s
[ssw] trial 69/500  best=-507.782 eV  minima=45  elapsed=485s
[ssw] trial 70/500  best=-507.782 eV  minima=46  elapsed=492s
[ssw] trial 71/500  best=-507.782 eV  minima=46  elapsed=498s
[ssw] trial 72/500  best=-507.782 eV  minima=46  elapsed=501s
[ssw] trial 73/500  best=-507.782 eV  minima=46  elapsed=509s
[ssw] trial 74/500  best=-507.782 eV  minima=47  elapsed=516s
[ssw] trial 75/500  best=-507.782 eV  minima=48  elapsed=523s
[ssw] trial 76/500  best=-507.782 eV  minima=49  elapsed=531s
[ssw] trial 77/500  best=-507.782 eV  minima=49  elapsed=538s
[ssw] trial 78/500  best=-507.782 eV  minima=49  elapsed=545s
[ssw] trial 79/500  best=-507.782 eV  minima=50  elapsed=553s
[ssw] trial 80/500  best=-507.782 eV  minima=51  elapsed=560s
[ssw] trial 81/500  best=-507.782 eV  minima=51  elapsed=567s
[ssw] trial 82/500  best=-507.782 eV  minima=51  elapsed=571s
[ssw] trial 83/500  best=-507.782 eV  minima=51  elapsed=579s
[ssw] trial 84/500  best=-507.782 eV  minima=52  elapsed=585s
[ssw] trial 85/500  best=-507.782 eV  minima=52  elapsed=586s
[ssw] trial 86/500  best=-507.782 eV  minima=53  elapsed=593s
[ssw] trial 87/500  best=-507.782 eV  minima=53  elapsed=601s
[ssw] trial 88/500  best=-507.782 eV  minima=54  elapsed=609s
[ssw] trial 89/500  best=-507.782 eV  minima=54  elapsed=616s
[ssw] trial 90/500  best=-507.782 eV  minima=55  elapsed=624s
[ssw] trial 91/500  best=-507.782 eV  minima=56  elapsed=632s
[ssw] trial 92/500  best=-507.782 eV  minima=56  elapsed=637s
[ssw] trial 93/500  best=-507.782 eV  minima=56  elapsed=644s
[ssw] trial 94/500  best=-507.782 eV  minima=57  elapsed=651s
[ssw] trial 95/500  best=-507.782 eV  minima=57  elapsed=659s
[ssw] trial 96/500  best=-507.782 eV  minima=57  elapsed=663s
[ssw] trial 97/500  best=-507.782 eV  minima=58  elapsed=670s
[ssw] trial 98/500  best=-507.782 eV  minima=58  elapsed=677s
[ssw] trial 99/500  best=-507.782 eV  minima=58  elapsed=685s
[ssw] trial 100/500  best=-507.782 eV  minima=58  elapsed=692s
[ssw] trial 101/500  best=-507.782 eV  minima=59  elapsed=698s
[ssw] trial 102/500  best=-507.782 eV  minima=59  elapsed=705s
[ssw] trial 103/500  best=-507.782 eV  minima=59  elapsed=706s
[ssw] trial 104/500  best=-507.782 eV  minima=59  elapsed=713s
[ssw] trial 105/500  best=-507.782 eV  minima=59  elapsed=719s
[ssw] trial 106/500  best=-507.782 eV  minima=60  elapsed=727s
[ssw] trial 107/500  best=-507.782 eV  minima=60  elapsed=733s
[ssw] trial 108/500  best=-507.782 eV  minima=60  elapsed=740s
[ssw] trial 109/500  best=-507.782 eV  minima=61  elapsed=748s
[ssw] trial 110/500  best=-507.782 eV  minima=62  elapsed=755s
[ssw] trial 111/500  best=-507.782 eV  minima=63  elapsed=763s
[ssw] trial 112/500  best=-507.782 eV  minima=64  elapsed=770s
[ssw] trial 113/500  best=-507.782 eV  minima=65  elapsed=781s
[ssw] trial 114/500  best=-507.782 eV  minima=66  elapsed=788s
[ssw] trial 115/500  best=-507.782 eV  minima=67  elapsed=796s
[ssw] trial 116/500  best=-507.782 eV  minima=68  elapsed=805s
[ssw] trial 117/500  best=-507.782 eV  minima=69  elapsed=815s
[ssw] trial 118/500  best=-507.782 eV  minima=70  elapsed=824s
[ssw] trial 119/500  best=-507.782 eV  minima=71  elapsed=831s
[ssw] trial 120/500  best=-507.782 eV  minima=72  elapsed=838s
[ssw] trial 121/500  best=-507.782 eV  minima=73  elapsed=846s
[ssw] trial 122/500  best=-507.782 eV  minima=74  elapsed=854s
[ssw] trial 123/500  best=-507.782 eV  minima=75  elapsed=862s
[ssw] trial 124/500  best=-507.782 eV  minima=76  elapsed=870s
[ssw] trial 125/500  best=-507.782 eV  minima=77  elapsed=878s
[ssw] trial 126/500  best=-507.782 eV  minima=77  elapsed=886s
[ssw] trial 127/500  best=-507.782 eV  minima=78  elapsed=894s
[ssw] trial 128/500  best=-507.782 eV  minima=79  elapsed=903s
[ssw] trial 129/500  best=-507.782 eV  minima=80  elapsed=912s
[ssw] trial 130/500  best=-507.782 eV  minima=80  elapsed=919s
[ssw] trial 131/500  best=-507.782 eV  minima=80  elapsed=926s
[ssw] trial 132/500  best=-507.782 eV  minima=80  elapsed=931s
[ssw] trial 133/500  best=-507.782 eV  minima=80  elapsed=938s
[ssw] trial 134/500  best=-507.782 eV  minima=81  elapsed=947s
[ssw] trial 135/500  best=-507.782 eV  minima=81  elapsed=956s
[ssw] trial 136/500  best=-507.782 eV  minima=82  elapsed=965s
[ssw] trial 137/500  best=-507.782 eV  minima=82  elapsed=974s
[ssw] trial 138/500  best=-507.782 eV  minima=83  elapsed=981s
[ssw] trial 139/500  best=-507.782 eV  minima=83  elapsed=989s
[ssw] trial 140/500  best=-507.782 eV  minima=83  elapsed=996s
[ssw] trial 141/500  best=-507.782 eV  minima=83  elapsed=1004s
[ssw] trial 142/500  best=-507.782 eV  minima=84  elapsed=1010s
[ssw] trial 143/500  best=-507.782 eV  minima=84  elapsed=1018s
[ssw] trial 144/500  best=-507.782 eV  minima=85  elapsed=1027s
[ssw] trial 145/500  best=-507.782 eV  minima=86  elapsed=1036s
[ssw] trial 146/500  best=-507.782 eV  minima=87  elapsed=1046s
[ssw] trial 147/500  best=-507.782 eV  minima=88  elapsed=1055s
[ssw] trial 148/500  best=-507.782 eV  minima=88  elapsed=1063s
[ssw] trial 149/500  best=-507.782 eV  minima=89  elapsed=1071s
[ssw] trial 150/500  best=-507.782 eV  minima=90  elapsed=1078s
[ssw] trial 151/500  best=-507.782 eV  minima=91  elapsed=1086s
[ssw] trial 152/500  best=-507.782 eV  minima=91  elapsed=1094s
[ssw] trial 153/500  best=-507.782 eV  minima=91  elapsed=1102s
[ssw] trial 154/500  best=-507.782 eV  minima=92  elapsed=1109s
[ssw] trial 155/500  best=-507.782 eV  minima=93  elapsed=1116s
[ssw] trial 156/500  best=-507.782 eV  minima=93  elapsed=1124s
[ssw] trial 157/500  best=-507.782 eV  minima=93  elapsed=1132s
[ssw] trial 158/500  best=-507.782 eV  minima=93  elapsed=1141s
[ssw] trial 159/500  best=-507.782 eV  minima=93  elapsed=1147s
[ssw] trial 160/500  best=-507.782 eV  minima=94  elapsed=1154s
[ssw] trial 161/500  best=-507.782 eV  minima=95  elapsed=1165s
[ssw] trial 162/500  best=-507.782 eV  minima=96  elapsed=1172s
[ssw] trial 163/500  best=-507.782 eV  minima=96  elapsed=1180s
[ssw] trial 164/500  best=-507.782 eV  minima=97  elapsed=1189s
[ssw] trial 165/500  best=-507.782 eV  minima=97  elapsed=1197s
[ssw] trial 166/500  best=-507.782 eV  minima=98  elapsed=1205s
[ssw] trial 167/500  best=-507.782 eV  minima=99  elapsed=1213s
[ssw] trial 168/500  best=-507.782 eV  minima=100  elapsed=1221s
[ssw] trial 169/500  best=-507.782 eV  minima=101  elapsed=1229s
[ssw] trial 170/500  best=-507.782 eV  minima=102  elapsed=1237s
[ssw] trial 171/500  best=-507.782 eV  minima=102  elapsed=1238s
[ssw] trial 172/500  best=-507.782 eV  minima=102  elapsed=1246s
[ssw] trial 173/500  best=-507.782 eV  minima=103  elapsed=1255s
[ssw] trial 174/500  best=-507.782 eV  minima=104  elapsed=1264s
[ssw] trial 175/500  best=-507.782 eV  minima=105  elapsed=1273s
[ssw] trial 176/500  best=-507.782 eV  minima=106  elapsed=1282s
[ssw] trial 177/500  best=-507.782 eV  minima=106  elapsed=1290s
[ssw] trial 178/500  best=-507.782 eV  minima=106  elapsed=1298s
[ssw] trial 179/500  best=-507.782 eV  minima=106  elapsed=1305s
[ssw] trial 180/500  best=-507.782 eV  minima=106  elapsed=1313s
[ssw] trial 181/500  best=-507.782 eV  minima=106  elapsed=1321s
[ssw] trial 182/500  best=-507.782 eV  minima=107  elapsed=1329s
[ssw] trial 183/500  best=-507.782 eV  minima=108  elapsed=1338s
[ssw] trial 184/500  best=-507.782 eV  minima=108  elapsed=1346s
[ssw] trial 185/500  best=-507.782 eV  minima=108  elapsed=1354s
[ssw] trial 186/500  best=-507.782 eV  minima=109  elapsed=1362s
[ssw] trial 187/500  best=-507.782 eV  minima=110  elapsed=1370s
[ssw] trial 188/500  best=-507.782 eV  minima=111  elapsed=1378s
[ssw] trial 189/500  best=-507.782 eV  minima=112  elapsed=1387s
[ssw] trial 190/500  best=-507.782 eV  minima=113  elapsed=1396s
[ssw] trial 191/500  best=-507.782 eV  minima=114  elapsed=1400s
[ssw] trial 192/500  best=-507.782 eV  minima=114  elapsed=1409s
[ssw] trial 193/500  best=-507.782 eV  minima=114  elapsed=1419s
[ssw] trial 194/500  best=-507.782 eV  minima=114  elapsed=1426s
[ssw] trial 195/500  best=-507.782 eV  minima=114  elapsed=1427s
[ssw] trial 196/500  best=-507.782 eV  minima=114  elapsed=1436s
[ssw] trial 197/500  best=-507.782 eV  minima=115  elapsed=1444s
[ssw] trial 198/500  best=-507.782 eV  minima=116  elapsed=1453s
[ssw] trial 199/500  best=-507.782 eV  minima=117  elapsed=1462s
[ssw] trial 200/500  best=-507.782 eV  minima=117  elapsed=1470s
[ssw] trial 201/500  best=-507.782 eV  minima=117  elapsed=1478s
[ssw] trial 202/500  best=-507.782 eV  minima=118  elapsed=1487s
[ssw] trial 203/500  best=-507.782 eV  minima=119  elapsed=1496s
[ssw] trial 204/500  best=-507.782 eV  minima=120  elapsed=1504s
[ssw] trial 205/500  best=-507.782 eV  minima=120  elapsed=1505s
[ssw] trial 206/500  best=-507.782 eV  minima=121  elapsed=1512s
[ssw] trial 207/500  best=-507.782 eV  minima=121  elapsed=1519s
[ssw] trial 208/500  best=-507.782 eV  minima=121  elapsed=1528s
[ssw] trial 209/500  best=-507.782 eV  minima=122  elapsed=1537s
[ssw] trial 210/500  best=-507.782 eV  minima=123  elapsed=1545s
[ssw] trial 211/500  best=-507.782 eV  minima=123  elapsed=1546s
[ssw] trial 212/500  best=-507.782 eV  minima=124  elapsed=1554s
[ssw] trial 213/500  best=-507.782 eV  minima=125  elapsed=1561s
[ssw] trial 214/500  best=-507.782 eV  minima=125  elapsed=1569s
[ssw] trial 215/500  best=-507.782 eV  minima=125  elapsed=1578s
[ssw] trial 216/500  best=-507.782 eV  minima=125  elapsed=1586s
[ssw] trial 217/500  best=-507.782 eV  minima=125  elapsed=1594s
[ssw] trial 218/500  best=-507.782 eV  minima=126  elapsed=1603s
[ssw] trial 219/500  best=-507.782 eV  minima=127  elapsed=1611s
[ssw] trial 220/500  best=-507.782 eV  minima=127  elapsed=1619s
[ssw] trial 221/500  best=-507.782 eV  minima=127  elapsed=1628s
[ssw] trial 222/500  best=-507.782 eV  minima=128  elapsed=1636s
[ssw] trial 223/500  best=-507.782 eV  minima=128  elapsed=1643s
[ssw] trial 224/500  best=-507.782 eV  minima=129  elapsed=1651s
[ssw] trial 225/500  best=-507.782 eV  minima=130  elapsed=1661s
[ssw] trial 226/500  best=-507.782 eV  minima=131  elapsed=1669s
[ssw] trial 227/500  best=-507.782 eV  minima=131  elapsed=1670s
[ssw] trial 228/500  best=-507.782 eV  minima=132  elapsed=1678s
[ssw] trial 229/500  best=-507.782 eV  minima=133  elapsed=1687s
[ssw] trial 230/500  best=-507.782 eV  minima=134  elapsed=1695s
[ssw] trial 231/500  best=-507.782 eV  minima=135  elapsed=1704s
[ssw] trial 232/500  best=-507.782 eV  minima=136  elapsed=1713s
[ssw] trial 233/500  best=-507.782 eV  minima=136  elapsed=1722s
[ssw] trial 234/500  best=-507.782 eV  minima=136  elapsed=1729s
[ssw] trial 235/500  best=-507.782 eV  minima=137  elapsed=1737s
[ssw] trial 236/500  best=-507.782 eV  minima=137  elapsed=1745s
[ssw] trial 237/500  best=-507.782 eV  minima=138  elapsed=1754s
[ssw] trial 238/500  best=-507.782 eV  minima=139  elapsed=1764s
[ssw] trial 239/500  best=-507.782 eV  minima=140  elapsed=1772s
[ssw] trial 240/500  best=-507.782 eV  minima=141  elapsed=1780s
[ssw] trial 241/500  best=-507.782 eV  minima=142  elapsed=1789s
[ssw] trial 242/500  best=-507.782 eV  minima=143  elapsed=1797s
[ssw] trial 243/500  best=-507.782 eV  minima=143  elapsed=1805s
[ssw] trial 244/500  best=-507.782 eV  minima=144  elapsed=1814s
[ssw] trial 245/500  best=-507.782 eV  minima=144  elapsed=1822s
[ssw] trial 246/500  best=-507.782 eV  minima=145  elapsed=1830s
[ssw] trial 247/500  best=-507.782 eV  minima=146  elapsed=1839s
[ssw] trial 248/500  best=-507.782 eV  minima=146  elapsed=1839s
[ssw] trial 249/500  best=-507.782 eV  minima=146  elapsed=1840s
[ssw] trial 250/500  best=-507.782 eV  minima=147  elapsed=1849s
[ssw] trial 251/500  best=-507.782 eV  minima=147  elapsed=1857s
[ssw] trial 252/500  best=-507.782 eV  minima=147  elapsed=1864s
[ssw] trial 253/500  best=-507.782 eV  minima=147  elapsed=1872s
[ssw] trial 254/500  best=-507.782 eV  minima=148  elapsed=1881s
[ssw] trial 255/500  best=-507.782 eV  minima=149  elapsed=1889s
[ssw] trial 256/500  best=-507.782 eV  minima=149  elapsed=1898s
[ssw] trial 257/500  best=-507.782 eV  minima=149  elapsed=1907s
[ssw] trial 258/500  best=-507.782 eV  minima=149  elapsed=1916s
[ssw] trial 259/500  best=-507.782 eV  minima=150  elapsed=1923s
[ssw] trial 260/500  best=-507.782 eV  minima=150  elapsed=1932s
[ssw] trial 261/500  best=-507.782 eV  minima=150  elapsed=1939s
[ssw] trial 262/500  best=-507.782 eV  minima=150  elapsed=1946s
[ssw] trial 263/500  best=-507.782 eV  minima=150  elapsed=1954s
[ssw] trial 264/500  best=-507.782 eV  minima=151  elapsed=1962s
[ssw] trial 265/500  best=-507.782 eV  minima=152  elapsed=1970s
[ssw] trial 266/500  best=-507.782 eV  minima=152  elapsed=1978s
[ssw] trial 267/500  best=-507.782 eV  minima=153  elapsed=1980s
[ssw] trial 268/500  best=-507.782 eV  minima=153  elapsed=1989s
[ssw] trial 269/500  best=-507.782 eV  minima=153  elapsed=1998s
[ssw] trial 270/500  best=-507.782 eV  minima=153  elapsed=2006s
[ssw] trial 271/500  best=-507.782 eV  minima=153  elapsed=2013s
[ssw] trial 272/500  best=-507.782 eV  minima=154  elapsed=2021s
[ssw] trial 273/500  best=-507.782 eV  minima=154  elapsed=2029s
[ssw] trial 274/500  best=-507.782 eV  minima=155  elapsed=2037s
[ssw] trial 275/500  best=-507.782 eV  minima=156  elapsed=2045s
[ssw] trial 276/500  best=-507.782 eV  minima=156  elapsed=2054s
[ssw] trial 277/500  best=-507.782 eV  minima=156  elapsed=2063s
[ssw] trial 278/500  best=-507.782 eV  minima=157  elapsed=2072s
[ssw] trial 279/500  best=-507.782 eV  minima=157  elapsed=2081s
[ssw] trial 280/500  best=-507.782 eV  minima=157  elapsed=2090s
[ssw] trial 281/500  best=-507.782 eV  minima=158  elapsed=2097s
[ssw] trial 282/500  best=-507.782 eV  minima=159  elapsed=2105s
[ssw] trial 283/500  best=-507.782 eV  minima=159  elapsed=2113s
[ssw] trial 284/500  best=-507.782 eV  minima=159  elapsed=2114s
[ssw] trial 285/500  best=-507.782 eV  minima=159  elapsed=2123s
[ssw] trial 286/500  best=-507.782 eV  minima=159  elapsed=2131s
[ssw] trial 287/500  best=-507.782 eV  minima=159  elapsed=2140s
[ssw] trial 288/500  best=-507.782 eV  minima=160  elapsed=2148s
[ssw] trial 289/500  best=-507.782 eV  minima=161  elapsed=2157s
[ssw] trial 290/500  best=-507.782 eV  minima=162  elapsed=2166s
[ssw] trial 291/500  best=-507.782 eV  minima=163  elapsed=2174s
[ssw] trial 292/500  best=-507.782 eV  minima=163  elapsed=2183s
[ssw] trial 293/500  best=-507.782 eV  minima=163  elapsed=2192s
[ssw] trial 294/500  best=-507.782 eV  minima=164  elapsed=2201s
[ssw] trial 295/500  best=-507.782 eV  minima=165  elapsed=2210s
[ssw] trial 296/500  best=-507.782 eV  minima=166  elapsed=2219s
[ssw] trial 297/500  best=-507.782 eV  minima=167  elapsed=2227s
[ssw] trial 298/500  best=-507.782 eV  minima=168  elapsed=2239s
[ssw] trial 299/500  best=-507.782 eV  minima=169  elapsed=2248s
[ssw] trial 300/500  best=-507.782 eV  minima=170  elapsed=2259s
[ssw] trial 301/500  best=-507.782 eV  minima=171  elapsed=2268s
[ssw] trial 302/500  best=-507.782 eV  minima=172  elapsed=2275s
[ssw] trial 303/500  best=-507.782 eV  minima=173  elapsed=2279s
[ssw] trial 304/500  best=-507.782 eV  minima=173  elapsed=2286s
[ssw] trial 305/500  best=-507.782 eV  minima=174  elapsed=2296s
[ssw] trial 306/500  best=-507.782 eV  minima=174  elapsed=2304s
[ssw] trial 307/500  best=-507.782 eV  minima=175  elapsed=2314s
[ssw] trial 308/500  best=-507.782 eV  minima=176  elapsed=2323s
[ssw] trial 309/500  best=-507.782 eV  minima=177  elapsed=2331s
[ssw] trial 310/500  best=-507.782 eV  minima=178  elapsed=2340s
[ssw] trial 311/500  best=-507.782 eV  minima=179  elapsed=2350s
[ssw] trial 312/500  best=-507.782 eV  minima=179  elapsed=2359s
[ssw] trial 313/500  best=-507.782 eV  minima=179  elapsed=2367s
[ssw] trial 314/500  best=-507.782 eV  minima=179  elapsed=2375s
[ssw] trial 315/500  best=-507.782 eV  minima=179  elapsed=2384s
[ssw] trial 316/500  best=-507.782 eV  minima=179  elapsed=2392s
[ssw] trial 317/500  best=-507.782 eV  minima=180  elapsed=2402s
[ssw] trial 318/500  best=-507.782 eV  minima=180  elapsed=2403s
[ssw] trial 319/500  best=-507.782 eV  minima=181  elapsed=2411s
[ssw] trial 320/500  best=-507.782 eV  minima=181  elapsed=2419s
[ssw] trial 321/500  best=-507.782 eV  minima=182  elapsed=2428s
[ssw] trial 322/500  best=-507.782 eV  minima=182  elapsed=2435s
[ssw] trial 323/500  best=-507.782 eV  minima=182  elapsed=2444s
[ssw] trial 324/500  best=-507.782 eV  minima=182  elapsed=2453s
[ssw] trial 325/500  best=-507.782 eV  minima=183  elapsed=2460s
[ssw] trial 326/500  best=-507.782 eV  minima=184  elapsed=2469s
[ssw] trial 327/500  best=-507.782 eV  minima=184  elapsed=2480s
[ssw] trial 328/500  best=-507.782 eV  minima=184  elapsed=2481s
[ssw] trial 329/500  best=-507.782 eV  minima=184  elapsed=2490s
[ssw] trial 330/500  best=-507.782 eV  minima=185  elapsed=2498s
[ssw] trial 331/500  best=-507.782 eV  minima=186  elapsed=2508s
[ssw] trial 332/500  best=-507.782 eV  minima=187  elapsed=2519s
[ssw] trial 333/500  best=-507.782 eV  minima=188  elapsed=2527s
[ssw] trial 334/500  best=-507.782 eV  minima=188  elapsed=2536s
[ssw] trial 335/500  best=-507.782 eV  minima=188  elapsed=2544s
[ssw] trial 336/500  best=-507.782 eV  minima=189  elapsed=2553s
[ssw] trial 337/500  best=-507.782 eV  minima=190  elapsed=2563s
[ssw] trial 338/500  best=-507.782 eV  minima=191  elapsed=2571s
[ssw] trial 339/500  best=-507.782 eV  minima=192  elapsed=2580s
[ssw] trial 340/500  best=-507.782 eV  minima=192  elapsed=2588s
[ssw] trial 341/500  best=-507.782 eV  minima=192  elapsed=2597s
[ssw] trial 342/500  best=-507.782 eV  minima=193  elapsed=2606s
[ssw] trial 343/500  best=-507.782 eV  minima=193  elapsed=2615s
[ssw] trial 344/500  best=-507.782 eV  minima=193  elapsed=2616s
[ssw] trial 345/500  best=-507.782 eV  minima=193  elapsed=2623s
[ssw] trial 346/500  best=-507.782 eV  minima=193  elapsed=2631s
[ssw] trial 347/500  best=-507.782 eV  minima=193  elapsed=2638s
[ssw] trial 348/500  best=-507.782 eV  minima=194  elapsed=2647s
[ssw] trial 349/500  best=-507.782 eV  minima=194  elapsed=2655s
[ssw] trial 350/500  best=-507.782 eV  minima=194  elapsed=2664s
[ssw] trial 351/500  best=-507.782 eV  minima=194  elapsed=2672s
[ssw] trial 352/500  best=-507.782 eV  minima=195  elapsed=2681s
[ssw] trial 353/500  best=-507.782 eV  minima=195  elapsed=2690s
[ssw] trial 354/500  best=-507.782 eV  minima=195  elapsed=2691s
[ssw] trial 355/500  best=-507.782 eV  minima=195  elapsed=2701s
[ssw] trial 356/500  best=-507.782 eV  minima=196  elapsed=2710s
[ssw] trial 357/500  best=-507.782 eV  minima=197  elapsed=2719s
[ssw] trial 358/500  best=-507.782 eV  minima=198  elapsed=2727s
[ssw] trial 359/500  best=-507.782 eV  minima=199  elapsed=2735s
[ssw] trial 360/500  best=-507.782 eV  minima=200  elapsed=2742s
[ssw] trial 361/500  best=-507.782 eV  minima=201  elapsed=2754s
[ssw] trial 362/500  best=-507.782 eV  minima=202  elapsed=2761s
[ssw] trial 363/500  best=-507.782 eV  minima=202  elapsed=2770s
[ssw] trial 364/500  best=-507.782 eV  minima=202  elapsed=2778s
[ssw] trial 365/500  best=-507.782 eV  minima=203  elapsed=2787s
[ssw] trial 366/500  best=-507.782 eV  minima=204  elapsed=2796s
[ssw] trial 367/500  best=-507.782 eV  minima=205  elapsed=2804s
[ssw] trial 368/500  best=-507.782 eV  minima=206  elapsed=2814s
[ssw] trial 369/500  best=-507.782 eV  minima=207  elapsed=2821s
[ssw] trial 370/500  best=-507.782 eV  minima=207  elapsed=2828s
[ssw] trial 371/500  best=-507.782 eV  minima=208  elapsed=2838s
[ssw] trial 372/500  best=-507.782 eV  minima=209  elapsed=2845s
[ssw] trial 373/500  best=-507.782 eV  minima=210  elapsed=2856s
[ssw] trial 374/500  best=-507.782 eV  minima=211  elapsed=2868s
[ssw] trial 375/500  best=-507.782 eV  minima=211  elapsed=2869s
[ssw] trial 376/500  best=-507.782 eV  minima=212  elapsed=2878s
[ssw] trial 377/500  best=-507.782 eV  minima=212  elapsed=2886s
[ssw] trial 378/500  best=-507.782 eV  minima=213  elapsed=2896s
[ssw] trial 379/500  best=-507.782 eV  minima=214  elapsed=2904s
[ssw] trial 380/500  best=-507.782 eV  minima=214  elapsed=2913s
[ssw] trial 381/500  best=-507.782 eV  minima=215  elapsed=2924s
[ssw] trial 382/500  best=-507.782 eV  minima=216  elapsed=2933s
[ssw] trial 383/500  best=-507.782 eV  minima=216  elapsed=2940s
[ssw] trial 384/500  best=-507.782 eV  minima=216  elapsed=2947s
[ssw] trial 385/500  best=-507.782 eV  minima=216  elapsed=2956s
[ssw] trial 386/500  best=-507.782 eV  minima=216  elapsed=2965s
[ssw] trial 387/500  best=-507.782 eV  minima=216  elapsed=2972s
[ssw] trial 388/500  best=-507.782 eV  minima=216  elapsed=2978s
[ssw] trial 389/500  best=-507.782 eV  minima=216  elapsed=2987s
[ssw] trial 390/500  best=-507.782 eV  minima=216  elapsed=2995s
[ssw] trial 391/500  best=-507.782 eV  minima=217  elapsed=3005s
[ssw] trial 392/500  best=-507.782 eV  minima=218  elapsed=3014s
[ssw] trial 393/500  best=-507.782 eV  minima=218  elapsed=3023s
[ssw] trial 394/500  best=-507.782 eV  minima=219  elapsed=3030s
[ssw] trial 395/500  best=-507.782 eV  minima=220  elapsed=3038s
[ssw] trial 396/500  best=-507.782 eV  minima=221  elapsed=3046s
[ssw] trial 397/500  best=-507.782 eV  minima=222  elapsed=3054s
[ssw] trial 398/500  best=-507.782 eV  minima=222  elapsed=3061s
[ssw] trial 399/500  best=-507.782 eV  minima=223  elapsed=3070s
[ssw] trial 400/500  best=-507.782 eV  minima=223  elapsed=3079s
[ssw] trial 401/500  best=-507.782 eV  minima=224  elapsed=3088s
[ssw] trial 402/500  best=-507.782 eV  minima=225  elapsed=3096s
[ssw] trial 403/500  best=-507.782 eV  minima=226  elapsed=3105s
[ssw] trial 404/500  best=-507.782 eV  minima=227  elapsed=3113s
[ssw] trial 405/500  best=-507.782 eV  minima=228  elapsed=3122s
[ssw] trial 406/500  best=-507.782 eV  minima=229  elapsed=3130s
[ssw] trial 407/500  best=-507.782 eV  minima=230  elapsed=3139s
[ssw] trial 408/500  best=-507.782 eV  minima=230  elapsed=3148s
[ssw] trial 409/500  best=-507.782 eV  minima=231  elapsed=3156s
[ssw] trial 410/500  best=-507.782 eV  minima=232  elapsed=3163s
[ssw] trial 411/500  best=-507.782 eV  minima=232  elapsed=3171s
[ssw] trial 412/500  best=-507.782 eV  minima=233  elapsed=3178s
[ssw] trial 413/500  best=-507.782 eV  minima=233  elapsed=3186s
[ssw] trial 414/500  best=-507.782 eV  minima=234  elapsed=3196s
[ssw] trial 415/500  best=-507.782 eV  minima=234  elapsed=3205s
[ssw] trial 416/500  best=-507.782 eV  minima=234  elapsed=3212s
[ssw] trial 417/500  best=-507.782 eV  minima=235  elapsed=3221s
[ssw] trial 418/500  best=-507.782 eV  minima=236  elapsed=3230s
[ssw] trial 419/500  best=-507.782 eV  minima=236  elapsed=3238s
[ssw] trial 420/500  best=-507.782 eV  minima=236  elapsed=3239s
[ssw] trial 421/500  best=-507.782 eV  minima=237  elapsed=3248s
[ssw] trial 422/500  best=-507.782 eV  minima=238  elapsed=3257s
[ssw] trial 423/500  best=-507.782 eV  minima=238  elapsed=3265s
[ssw] trial 424/500  best=-507.782 eV  minima=239  elapsed=3274s
[ssw] trial 425/500  best=-507.782 eV  minima=240  elapsed=3282s
[ssw] trial 426/500  best=-507.782 eV  minima=240  elapsed=3289s
[ssw] trial 427/500  best=-507.782 eV  minima=241  elapsed=3298s
[ssw] trial 428/500  best=-507.782 eV  minima=242  elapsed=3307s
[ssw] trial 429/500  best=-507.782 eV  minima=243  elapsed=3315s
[ssw] trial 430/500  best=-507.782 eV  minima=244  elapsed=3323s
[ssw] trial 431/500  best=-507.782 eV  minima=244  elapsed=3324s
[ssw] trial 432/500  best=-507.782 eV  minima=244  elapsed=3331s
[ssw] trial 433/500  best=-507.782 eV  minima=244  elapsed=3333s
[ssw] trial 434/500  best=-507.782 eV  minima=245  elapsed=3342s
[ssw] trial 435/500  best=-507.782 eV  minima=245  elapsed=3350s
[ssw] trial 436/500  best=-507.782 eV  minima=245  elapsed=3359s
[ssw] trial 437/500  best=-507.782 eV  minima=245  elapsed=3368s
[ssw] trial 438/500  best=-507.782 eV  minima=246  elapsed=3376s
[ssw] trial 439/500  best=-507.782 eV  minima=247  elapsed=3386s
[ssw] trial 440/500  best=-507.782 eV  minima=248  elapsed=3395s
[ssw] trial 441/500  best=-507.782 eV  minima=249  elapsed=3404s
[ssw] trial 442/500  best=-507.782 eV  minima=250  elapsed=3413s
[ssw] trial 443/500  best=-507.782 eV  minima=251  elapsed=3421s
[ssw] trial 444/500  best=-507.782 eV  minima=252  elapsed=3429s
[ssw] trial 445/500  best=-507.782 eV  minima=252  elapsed=3437s
[ssw] trial 446/500  best=-507.782 eV  minima=252  elapsed=3446s
[ssw] trial 447/500  best=-507.782 eV  minima=252  elapsed=3453s
[ssw] trial 448/500  best=-507.782 eV  minima=252  elapsed=3454s
[ssw] trial 449/500  best=-507.782 eV  minima=252  elapsed=3462s
[ssw] trial 450/500  best=-507.782 eV  minima=253  elapsed=3471s
[ssw] trial 451/500  best=-507.782 eV  minima=254  elapsed=3481s
[ssw] trial 452/500  best=-507.782 eV  minima=255  elapsed=3491s
[ssw] trial 453/500  best=-507.782 eV  minima=256  elapsed=3501s
[ssw] trial 454/500  best=-507.782 eV  minima=257  elapsed=3510s
[ssw] trial 455/500  best=-507.782 eV  minima=257  elapsed=3512s
[ssw] trial 456/500  best=-507.782 eV  minima=257  elapsed=3520s
[ssw] trial 457/500  best=-507.782 eV  minima=258  elapsed=3528s
[ssw] trial 458/500  best=-507.782 eV  minima=258  elapsed=3536s
[ssw] trial 459/500  best=-507.782 eV  minima=258  elapsed=3545s
[ssw] trial 460/500  best=-507.782 eV  minima=259  elapsed=3553s
[ssw] trial 461/500  best=-507.782 eV  minima=260  elapsed=3564s
[ssw] trial 462/500  best=-507.782 eV  minima=261  elapsed=3576s
[ssw] trial 463/500  best=-507.782 eV  minima=262  elapsed=3586s
[ssw] trial 464/500  best=-507.782 eV  minima=263  elapsed=3597s
[ssw] trial 465/500  best=-507.782 eV  minima=264  elapsed=3607s
[ssw] trial 466/500  best=-507.782 eV  minima=264  elapsed=3608s
[ssw] trial 467/500  best=-507.782 eV  minima=265  elapsed=3617s
[ssw] trial 468/500  best=-507.782 eV  minima=266  elapsed=3625s
[ssw] trial 469/500  best=-507.782 eV  minima=266  elapsed=3635s
[ssw] trial 470/500  best=-507.782 eV  minima=267  elapsed=3646s
[ssw] trial 471/500  best=-507.782 eV  minima=268  elapsed=3656s
[ssw] trial 472/500  best=-507.782 eV  minima=269  elapsed=3664s
[ssw] trial 473/500  best=-507.782 eV  minima=270  elapsed=3673s
[ssw] trial 474/500  best=-507.782 eV  minima=271  elapsed=3682s
[ssw] trial 475/500  best=-507.782 eV  minima=271  elapsed=3692s
[ssw] trial 476/500  best=-507.782 eV  minima=272  elapsed=3701s
[ssw] trial 477/500  best=-507.782 eV  minima=272  elapsed=3711s
[ssw] trial 478/500  best=-507.782 eV  minima=272  elapsed=3712s
[ssw] trial 479/500  best=-507.782 eV  minima=273  elapsed=3721s
[ssw] trial 480/500  best=-507.782 eV  minima=274  elapsed=3730s
[ssw] trial 481/500  best=-507.782 eV  minima=275  elapsed=3739s
[ssw] trial 482/500  best=-507.782 eV  minima=275  elapsed=3748s
[ssw] trial 483/500  best=-507.782 eV  minima=276  elapsed=3757s
[ssw] trial 484/500  best=-507.782 eV  minima=277  elapsed=3766s
[ssw] trial 485/500  best=-507.782 eV  minima=278  elapsed=3776s
[ssw] trial 486/500  best=-507.782 eV  minima=278  elapsed=3785s
[ssw] trial 487/500  best=-507.782 eV  minima=279  elapsed=3794s
[ssw] trial 488/500  best=-507.782 eV  minima=279  elapsed=3803s
[ssw] trial 489/500  best=-507.782 eV  minima=279  elapsed=3812s
[ssw] trial 490/500  best=-507.782 eV  minima=280  elapsed=3823s
[ssw] trial 491/500  best=-507.782 eV  minima=281  elapsed=3833s
[ssw] trial 492/500  best=-507.782 eV  minima=282  elapsed=3844s
[ssw] trial 493/500  best=-507.782 eV  minima=282  elapsed=3853s
[ssw] trial 494/500  best=-507.782 eV  minima=282  elapsed=3860s
[ssw] trial 495/500  best=-507.782 eV  minima=283  elapsed=3870s
[ssw] trial 496/500  best=-507.782 eV  minima=284  elapsed=3878s
[ssw] trial 497/500  best=-507.782 eV  minima=285  elapsed=3886s
[ssw] trial 498/500  best=-507.782 eV  minima=286  elapsed=3895s
[ssw] trial 499/500  best=-507.782 eV  minima=286  elapsed=3902s
[ssw] trial 500/500  best=-507.782 eV  minima=287  elapsed=3911s
[ssw] done: 500 trials, 287 minima, best=-507.782 eV, elapsed=3911s
/root/bin/mace-0.3.14/mace/calculators/mace.py:199: UserWarning: Environment variable TORCH_FORCE_NO_WEIGHTS_ONLY_LOAD detected, since the`weights_only` argument was not explicitly passed to `torch.load`, forcing weights_only=False.
  torch.load(f=model_path, map_location=device)
/root/bin/mace-0.3.14/mace/modules/models.py:509: FutureWarning: `torch.cuda.amp.autocast(args...)` is deprecated. Please use `torch.amp.autocast('cuda', args...)` instead.
  with autocast(enabled=use_amp, dtype=torch.bfloat16):
Using head omat_pbe out of ['omat_pbe']
Default dtype float32 does not match model dtype float64, converting models to float32.
Setting inference mode to: enable_amp = False
[ssw] starting 500 trials...
[ssw] trial 1/500  best=-474.669 eV  minima=2  elapsed=9s
[ssw] trial 2/500  best=-476.767 eV  minima=3  elapsed=20s
[ssw] trial 3/500  best=-476.767 eV  minima=4  elapsed=32s
[ssw] trial 4/500  best=-476.767 eV  minima=5  elapsed=43s
[ssw] trial 5/500  best=-476.767 eV  minima=6  elapsed=54s
[ssw] trial 6/500  best=-476.767 eV  minima=7  elapsed=66s
[ssw] trial 7/500  best=-476.767 eV  minima=7  elapsed=72s
[ssw] trial 8/500  best=-476.767 eV  minima=7  elapsed=73s
[ssw] trial 9/500  best=-476.767 eV  minima=8  elapsed=85s
[ssw] trial 10/500  best=-476.767 eV  minima=9  elapsed=91s
[ssw] trial 11/500  best=-476.767 eV  minima=10  elapsed=103s
[ssw] trial 12/500  best=-476.767 eV  minima=11  elapsed=113s
[ssw] trial 13/500  best=-476.767 eV  minima=11  elapsed=114s
[ssw] trial 14/500  best=-476.767 eV  minima=11  elapsed=116s
[ssw] trial 15/500  best=-476.767 eV  minima=12  elapsed=127s
[ssw] trial 16/500  best=-476.767 eV  minima=13  elapsed=136s
[ssw] trial 17/500  best=-476.767 eV  minima=13  elapsed=146s
[ssw] trial 18/500  best=-476.767 eV  minima=14  elapsed=158s
[ssw] trial 19/500  best=-479.196 eV  minima=15  elapsed=167s
[ssw] trial 20/500  best=-479.196 eV  minima=15  elapsed=168s
[ssw] trial 21/500  best=-479.196 eV  minima=16  elapsed=176s
[ssw] trial 22/500  best=-479.196 eV  minima=17  elapsed=189s
[ssw] trial 23/500  best=-479.196 eV  minima=18  elapsed=201s
[ssw] trial 24/500  best=-480.530 eV  minima=19  elapsed=214s
[ssw] trial 25/500  best=-480.535 eV  minima=20  elapsed=219s
[ssw] trial 26/500  best=-480.535 eV  minima=20  elapsed=219s
[ssw] trial 27/500  best=-482.448 eV  minima=21  elapsed=227s
[ssw] trial 28/500  best=-482.448 eV  minima=22  elapsed=234s
[ssw] trial 29/500  best=-482.448 eV  minima=23  elapsed=246s
[ssw] trial 30/500  best=-482.448 eV  minima=24  elapsed=258s
[ssw] trial 31/500  best=-482.448 eV  minima=25  elapsed=270s
[ssw] trial 32/500  best=-482.448 eV  minima=26  elapsed=272s
[ssw] trial 33/500  best=-482.448 eV  minima=27  elapsed=284s
[ssw] trial 34/500  best=-482.448 eV  minima=28  elapsed=297s
[ssw] trial 35/500  best=-482.448 eV  minima=29  elapsed=299s
[ssw] trial 36/500  best=-482.448 eV  minima=30  elapsed=311s
[ssw] trial 37/500  best=-482.448 eV  minima=31  elapsed=321s
[ssw] trial 38/500  best=-482.448 eV  minima=32  elapsed=333s
[ssw] trial 39/500  best=-482.448 eV  minima=33  elapsed=342s
[ssw] trial 40/500  best=-482.448 eV  minima=33  elapsed=343s
[ssw] trial 41/500  best=-482.448 eV  minima=33  elapsed=354s
[ssw] trial 42/500  best=-482.448 eV  minima=34  elapsed=362s
[ssw] trial 43/500  best=-482.448 eV  minima=35  elapsed=371s
[ssw] trial 44/500  best=-482.448 eV  minima=36  elapsed=383s
[ssw] trial 45/500  best=-482.448 eV  minima=37  elapsed=395s
[ssw] trial 46/500  best=-482.448 eV  minima=38  elapsed=406s
[ssw] trial 47/500  best=-482.448 eV  minima=39  elapsed=418s
[ssw] trial 48/500  best=-482.448 eV  minima=39  elapsed=422s
[ssw] trial 49/500  best=-482.448 eV  minima=40  elapsed=431s
[ssw] trial 50/500  best=-482.448 eV  minima=41  elapsed=441s
[ssw] trial 51/500  best=-482.448 eV  minima=42  elapsed=454s
[ssw] trial 52/500  best=-482.448 eV  minima=43  elapsed=466s
[ssw] trial 53/500  best=-482.448 eV  minima=44  elapsed=476s
[ssw] trial 54/500  best=-482.448 eV  minima=45  elapsed=485s
[ssw] trial 55/500  best=-482.448 eV  minima=45  elapsed=486s
[ssw] trial 56/500  best=-482.448 eV  minima=46  elapsed=499s
[ssw] trial 57/500  best=-482.448 eV  minima=47  elapsed=511s
[ssw] trial 58/500  best=-482.448 eV  minima=48  elapsed=520s
[ssw] trial 59/500  best=-482.448 eV  minima=48  elapsed=521s
[ssw] trial 60/500  best=-482.448 eV  minima=49  elapsed=531s
[ssw] trial 61/500  best=-482.448 eV  minima=49  elapsed=539s
[ssw] trial 62/500  best=-482.448 eV  minima=49  elapsed=540s
[ssw] trial 63/500  best=-482.448 eV  minima=50  elapsed=550s
[ssw] trial 64/500  best=-482.448 eV  minima=51  elapsed=563s
[ssw] trial 65/500  best=-482.448 eV  minima=52  elapsed=575s
[ssw] trial 66/500  best=-482.448 eV  minima=53  elapsed=587s
[ssw] trial 67/500  best=-482.448 eV  minima=53  elapsed=588s
[ssw] trial 68/500  best=-482.448 eV  minima=54  elapsed=596s
[ssw] trial 69/500  best=-482.448 eV  minima=55  elapsed=609s
[ssw] trial 70/500  best=-482.448 eV  minima=56  elapsed=621s
[ssw] trial 71/500  best=-482.448 eV  minima=56  elapsed=622s
[ssw] trial 72/500  best=-482.448 eV  minima=56  elapsed=623s
[ssw] trial 73/500  best=-482.448 eV  minima=57  elapsed=635s
[ssw] trial 74/500  best=-482.448 eV  minima=58  elapsed=636s
[ssw] trial 75/500  best=-482.448 eV  minima=59  elapsed=647s
[ssw] trial 76/500  best=-482.448 eV  minima=60  elapsed=659s
[ssw] trial 77/500  best=-482.448 eV  minima=61  elapsed=670s
[ssw] trial 78/500  best=-482.448 eV  minima=61  elapsed=671s
[ssw] trial 79/500  best=-482.448 eV  minima=62  elapsed=684s
[ssw] trial 80/500  best=-482.448 eV  minima=63  elapsed=696s
[ssw] trial 81/500  best=-482.448 eV  minima=63  elapsed=697s
[ssw] trial 82/500  best=-482.448 eV  minima=64  elapsed=709s
[ssw] trial 83/500  best=-482.448 eV  minima=65  elapsed=721s
[ssw] trial 84/500  best=-482.448 eV  minima=66  elapsed=734s
[ssw] trial 85/500  best=-482.448 eV  minima=67  elapsed=746s
[ssw] trial 86/500  best=-482.448 eV  minima=67  elapsed=746s
[ssw] trial 87/500  best=-482.448 eV  minima=68  elapsed=759s
[ssw] trial 88/500  best=-482.448 eV  minima=69  elapsed=761s
[ssw] trial 89/500  best=-482.448 eV  minima=70  elapsed=773s
[ssw] trial 90/500  best=-482.448 eV  minima=71  elapsed=785s
[ssw] trial 91/500  best=-482.448 eV  minima=72  elapsed=797s
[ssw] trial 92/500  best=-482.448 eV  minima=73  elapsed=799s
[ssw] trial 93/500  best=-482.448 eV  minima=74  elapsed=806s
[ssw] trial 94/500  best=-482.448 eV  minima=75  elapsed=818s
[ssw] trial 95/500  best=-482.581 eV  minima=76  elapsed=827s
[ssw] trial 96/500  best=-482.582 eV  minima=77  elapsed=828s
[ssw] trial 97/500  best=-482.582 eV  minima=78  elapsed=836s
[ssw] trial 98/500  best=-482.582 eV  minima=79  elapsed=848s
[ssw] trial 99/500  best=-483.690 eV  minima=80  elapsed=857s
[ssw] trial 100/500  best=-483.690 eV  minima=80  elapsed=859s
[ssw] trial 101/500  best=-483.690 eV  minima=81  elapsed=871s
[ssw] trial 102/500  best=-483.690 eV  minima=82  elapsed=882s
[ssw] trial 103/500  best=-483.690 eV  minima=83  elapsed=884s
[ssw] trial 104/500  best=-483.690 eV  minima=83  elapsed=885s
[ssw] trial 105/500  best=-483.690 eV  minima=84  elapsed=898s
[ssw] trial 106/500  best=-483.690 eV  minima=85  elapsed=909s
[ssw] trial 107/500  best=-483.690 eV  minima=85  elapsed=910s
[ssw] trial 108/500  best=-483.690 eV  minima=86  elapsed=922s
[ssw] trial 109/500  best=-483.690 eV  minima=87  elapsed=929s
[ssw] trial 110/500  best=-483.690 eV  minima=88  elapsed=941s
[ssw] trial 111/500  best=-483.690 eV  minima=89  elapsed=952s
[ssw] trial 112/500  best=-483.690 eV  minima=90  elapsed=958s
[ssw] trial 113/500  best=-483.690 eV  minima=91  elapsed=969s
[ssw] trial 114/500  best=-483.690 eV  minima=91  elapsed=970s
[ssw] trial 115/500  best=-483.690 eV  minima=91  elapsed=971s
[ssw] trial 116/500  best=-483.690 eV  minima=92  elapsed=983s
[ssw] trial 117/500  best=-483.690 eV  minima=92  elapsed=986s
[ssw] trial 118/500  best=-483.690 eV  minima=92  elapsed=988s
[ssw] trial 119/500  best=-483.690 eV  minima=93  elapsed=1001s
[ssw] trial 120/500  best=-483.690 eV  minima=94  elapsed=1009s
[ssw] trial 121/500  best=-483.690 eV  minima=95  elapsed=1021s
[ssw] trial 122/500  best=-483.690 eV  minima=96  elapsed=1031s
[ssw] trial 123/500  best=-483.690 eV  minima=97  elapsed=1039s
[ssw] trial 124/500  best=-483.690 eV  minima=98  elapsed=1047s
[ssw] trial 125/500  best=-483.690 eV  minima=99  elapsed=1060s
[ssw] trial 126/500  best=-483.690 eV  minima=100  elapsed=1069s
[ssw] trial 127/500  best=-483.690 eV  minima=100  elapsed=1070s
[ssw] trial 128/500  best=-483.985 eV  minima=101  elapsed=1079s
[ssw] trial 129/500  best=-483.985 eV  minima=102  elapsed=1090s
[ssw] trial 130/500  best=-483.985 eV  minima=103  elapsed=1102s
[ssw] trial 131/500  best=-483.985 eV  minima=104  elapsed=1106s
[ssw] trial 132/500  best=-483.985 eV  minima=105  elapsed=1112s
[ssw] trial 133/500  best=-483.985 eV  minima=106  elapsed=1124s
[ssw] trial 134/500  best=-483.985 eV  minima=107  elapsed=1136s
[ssw] trial 135/500  best=-483.985 eV  minima=107  elapsed=1136s
[ssw] trial 136/500  best=-483.985 eV  minima=108  elapsed=1144s
[ssw] trial 137/500  best=-483.985 eV  minima=109  elapsed=1153s
[ssw] trial 138/500  best=-483.985 eV  minima=110  elapsed=1161s
[ssw] trial 139/500  best=-483.985 eV  minima=111  elapsed=1170s
[ssw] trial 140/500  best=-483.985 eV  minima=111  elapsed=1171s
[ssw] trial 141/500  best=-483.985 eV  minima=112  elapsed=1180s
[ssw] trial 142/500  best=-483.985 eV  minima=113  elapsed=1188s
[ssw] trial 143/500  best=-483.985 eV  minima=113  elapsed=1200s
[ssw] trial 144/500  best=-483.985 eV  minima=114  elapsed=1208s
[ssw] trial 145/500  best=-483.985 eV  minima=114  elapsed=1209s
[ssw] trial 146/500  best=-483.985 eV  minima=115  elapsed=1219s
[ssw] trial 147/500  best=-483.985 eV  minima=116  elapsed=1232s
[ssw] trial 148/500  best=-485.088 eV  minima=117  elapsed=1242s
[ssw] trial 149/500  best=-485.088 eV  minima=118  elapsed=1250s
[ssw] trial 150/500  best=-485.088 eV  minima=118  elapsed=1253s
[ssw] trial 151/500  best=-485.088 eV  minima=118  elapsed=1254s
[ssw] trial 152/500  best=-485.088 eV  minima=118  elapsed=1255s
[ssw] trial 153/500  best=-485.088 eV  minima=119  elapsed=1268s
[ssw] trial 154/500  best=-485.088 eV  minima=120  elapsed=1278s
[ssw] trial 155/500  best=-485.088 eV  minima=121  elapsed=1291s
[ssw] trial 156/500  best=-485.088 eV  minima=121  elapsed=1292s
[ssw] trial 157/500  best=-485.088 eV  minima=122  elapsed=1301s
[ssw] trial 158/500  best=-485.088 eV  minima=123  elapsed=1310s
[ssw] trial 159/500  best=-485.088 eV  minima=124  elapsed=1319s
[ssw] trial 160/500  best=-485.088 eV  minima=125  elapsed=1331s
[ssw] trial 161/500  best=-485.088 eV  minima=126  elapsed=1339s
[ssw] trial 162/500  best=-485.088 eV  minima=126  elapsed=1340s
[ssw] trial 163/500  best=-485.088 eV  minima=127  elapsed=1350s
[ssw] trial 164/500  best=-485.088 eV  minima=128  elapsed=1359s
[ssw] trial 165/500  best=-485.088 eV  minima=128  elapsed=1360s
[ssw] trial 166/500  best=-485.088 eV  minima=128  elapsed=1367s
[ssw] trial 167/500  best=-485.088 eV  minima=128  elapsed=1376s
[ssw] trial 168/500  best=-485.088 eV  minima=129  elapsed=1389s
[ssw] trial 169/500  best=-485.088 eV  minima=130  elapsed=1400s
[ssw] trial 170/500  best=-485.088 eV  minima=130  elapsed=1408s
[ssw] trial 171/500  best=-485.088 eV  minima=130  elapsed=1409s
[ssw] trial 172/500  best=-485.088 eV  minima=130  elapsed=1410s
[ssw] trial 173/500  best=-485.088 eV  minima=131  elapsed=1418s
[ssw] trial 174/500  best=-485.088 eV  minima=132  elapsed=1430s
[ssw] trial 175/500  best=-485.088 eV  minima=133  elapsed=1443s
[ssw] trial 176/500  best=-485.088 eV  minima=134  elapsed=1452s
[ssw] trial 177/500  best=-485.088 eV  minima=135  elapsed=1464s
[ssw] trial 178/500  best=-485.088 eV  minima=135  elapsed=1465s
[ssw] trial 179/500  best=-485.088 eV  minima=136  elapsed=1475s
[ssw] trial 180/500  best=-485.088 eV  minima=137  elapsed=1488s
[ssw] trial 181/500  best=-485.088 eV  minima=137  elapsed=1495s
[ssw] trial 182/500  best=-485.088 eV  minima=138  elapsed=1507s
[ssw] trial 183/500  best=-485.088 eV  minima=139  elapsed=1519s
[ssw] trial 184/500  best=-485.088 eV  minima=139  elapsed=1520s
[ssw] trial 185/500  best=-485.088 eV  minima=139  elapsed=1521s
[ssw] trial 186/500  best=-485.088 eV  minima=140  elapsed=1526s
[ssw] trial 187/500  best=-485.088 eV  minima=140  elapsed=1527s
[ssw] trial 188/500  best=-485.088 eV  minima=141  elapsed=1536s
[ssw] trial 189/500  best=-485.088 eV  minima=142  elapsed=1545s
[ssw] trial 190/500  best=-485.088 eV  minima=143  elapsed=1552s
[ssw] trial 191/500  best=-485.088 eV  minima=144  elapsed=1565s
[ssw] trial 192/500  best=-485.088 eV  minima=145  elapsed=1574s
[ssw] trial 193/500  best=-485.088 eV  minima=146  elapsed=1587s
[ssw] trial 194/500  best=-485.088 eV  minima=147  elapsed=1599s
[ssw] trial 195/500  best=-485.088 eV  minima=148  elapsed=1612s
[ssw] trial 196/500  best=-485.088 eV  minima=149  elapsed=1622s
[ssw] trial 197/500  best=-485.088 eV  minima=150  elapsed=1630s
[ssw] trial 198/500  best=-485.088 eV  minima=151  elapsed=1640s
[ssw] trial 199/500  best=-485.088 eV  minima=152  elapsed=1650s
[ssw] trial 200/500  best=-485.088 eV  minima=153  elapsed=1659s
[ssw] trial 201/500  best=-485.088 eV  minima=154  elapsed=1669s
[ssw] trial 202/500  best=-485.088 eV  minima=155  elapsed=1682s
[ssw] trial 203/500  best=-485.088 eV  minima=156  elapsed=1683s
[ssw] trial 204/500  best=-485.088 eV  minima=157  elapsed=1693s
[ssw] trial 205/500  best=-485.088 eV  minima=158  elapsed=1703s
[ssw] trial 206/500  best=-485.088 eV  minima=159  elapsed=1712s
[ssw] trial 207/500  best=-485.088 eV  minima=160  elapsed=1724s
[ssw] trial 208/500  best=-485.088 eV  minima=161  elapsed=1735s
[ssw] trial 209/500  best=-485.088 eV  minima=161  elapsed=1736s
[ssw] trial 210/500  best=-485.088 eV  minima=162  elapsed=1749s
[ssw] trial 211/500  best=-485.088 eV  minima=163  elapsed=1754s
[ssw] trial 212/500  best=-485.088 eV  minima=163  elapsed=1755s
[ssw] trial 213/500  best=-485.088 eV  minima=164  elapsed=1765s
[ssw] trial 214/500  best=-485.088 eV  minima=165  elapsed=1778s
[ssw] trial 215/500  best=-485.088 eV  minima=166  elapsed=1790s
[ssw] trial 216/500  best=-485.088 eV  minima=167  elapsed=1803s
[ssw] trial 217/500  best=-485.088 eV  minima=167  elapsed=1804s
[ssw] trial 218/500  best=-485.088 eV  minima=168  elapsed=1813s
[ssw] trial 219/500  best=-485.088 eV  minima=168  elapsed=1824s
[ssw] trial 220/500  best=-485.088 eV  minima=169  elapsed=1834s
[ssw] trial 221/500  best=-485.088 eV  minima=170  elapsed=1841s
[ssw] trial 222/500  best=-485.088 eV  minima=170  elapsed=1842s
[ssw] trial 223/500  best=-485.088 eV  minima=171  elapsed=1852s
[ssw] trial 224/500  best=-485.088 eV  minima=172  elapsed=1865s
[ssw] trial 225/500  best=-485.088 eV  minima=173  elapsed=1876s
[ssw] trial 226/500  best=-485.088 eV  minima=174  elapsed=1889s
[ssw] trial 227/500  best=-485.088 eV  minima=174  elapsed=1890s
[ssw] trial 228/500  best=-485.088 eV  minima=175  elapsed=1895s
[ssw] trial 229/500  best=-485.088 eV  minima=175  elapsed=1896s
[ssw] trial 230/500  best=-485.088 eV  minima=176  elapsed=1905s
[ssw] trial 231/500  best=-485.088 eV  minima=177  elapsed=1914s
[ssw] trial 232/500  best=-485.088 eV  minima=178  elapsed=1927s
[ssw] trial 233/500  best=-485.088 eV  minima=178  elapsed=1939s
[ssw] trial 234/500  best=-485.088 eV  minima=179  elapsed=1947s
[ssw] trial 235/500  best=-485.090 eV  minima=180  elapsed=1954s
[ssw] trial 236/500  best=-485.090 eV  minima=181  elapsed=1967s
[ssw] trial 237/500  best=-485.090 eV  minima=182  elapsed=1978s
[ssw] trial 238/500  best=-485.090 eV  minima=183  elapsed=1986s
[ssw] trial 239/500  best=-485.090 eV  minima=183  elapsed=1989s
[ssw] trial 240/500  best=-485.301 eV  minima=184  elapsed=2002s
[ssw] trial 241/500  best=-485.301 eV  minima=185  elapsed=2012s
[ssw] trial 242/500  best=-485.301 eV  minima=186  elapsed=2024s
[ssw] trial 243/500  best=-485.301 eV  minima=187  elapsed=2035s
[ssw] trial 244/500  best=-485.301 eV  minima=188  elapsed=2045s
[ssw] trial 245/500  best=-485.301 eV  minima=189  elapsed=2058s
[ssw] trial 246/500  best=-485.301 eV  minima=190  elapsed=2070s
[ssw] trial 247/500  best=-485.301 eV  minima=191  elapsed=2078s
[ssw] trial 248/500  best=-485.301 eV  minima=192  elapsed=2086s
[ssw] trial 249/500  best=-487.170 eV  minima=193  elapsed=2098s
[ssw] trial 250/500  best=-487.170 eV  minima=193  elapsed=2099s
[ssw] trial 251/500  best=-487.170 eV  minima=194  elapsed=2111s
[ssw] trial 252/500  best=-487.170 eV  minima=194  elapsed=2117s
[ssw] trial 253/500  best=-487.170 eV  minima=195  elapsed=2129s
[ssw] trial 254/500  best=-487.170 eV  minima=196  elapsed=2136s
[ssw] trial 255/500  best=-487.170 eV  minima=196  elapsed=2137s
[ssw] trial 256/500  best=-487.170 eV  minima=197  elapsed=2147s
[ssw] trial 257/500  best=-487.170 eV  minima=198  elapsed=2160s
[ssw] trial 258/500  best=-487.170 eV  minima=199  elapsed=2173s
[ssw] trial 259/500  best=-487.170 eV  minima=200  elapsed=2186s
[ssw] trial 260/500  best=-487.170 eV  minima=201  elapsed=2199s
[ssw] trial 261/500  best=-487.170 eV  minima=202  elapsed=2210s
[ssw] trial 262/500  best=-487.170 eV  minima=203  elapsed=2219s
[ssw] trial 263/500  best=-487.170 eV  minima=204  elapsed=2227s
[ssw] trial 264/500  best=-487.170 eV  minima=205  elapsed=2240s
[ssw] trial 265/500  best=-487.170 eV  minima=206  elapsed=2250s
[ssw] trial 266/500  best=-487.718 eV  minima=207  elapsed=2262s
[ssw] trial 267/500  best=-487.718 eV  minima=208  elapsed=2272s
[ssw] trial 268/500  best=-487.718 eV  minima=208  elapsed=2273s
[ssw] trial 269/500  best=-487.718 eV  minima=209  elapsed=2286s
[ssw] trial 270/500  best=-487.718 eV  minima=210  elapsed=2299s
[ssw] trial 271/500  best=-487.718 eV  minima=211  elapsed=2312s
[ssw] trial 272/500  best=-487.718 eV  minima=212  elapsed=2322s
[ssw] trial 273/500  best=-487.718 eV  minima=213  elapsed=2335s
[ssw] trial 274/500  best=-487.718 eV  minima=214  elapsed=2349s
[ssw] trial 275/500  best=-487.718 eV  minima=215  elapsed=2358s
[ssw] trial 276/500  best=-487.718 eV  minima=216  elapsed=2369s
[ssw] trial 277/500  best=-487.718 eV  minima=216  elapsed=2370s
[ssw] trial 278/500  best=-487.718 eV  minima=217  elapsed=2382s
[ssw] trial 279/500  best=-487.718 eV  minima=218  elapsed=2395s
[ssw] trial 280/500  best=-487.718 eV  minima=219  elapsed=2405s
[ssw] trial 281/500  best=-487.746 eV  minima=220  elapsed=2418s
[ssw] trial 282/500  best=-487.746 eV  minima=220  elapsed=2419s
[ssw] trial 283/500  best=-487.746 eV  minima=221  elapsed=2430s
[ssw] trial 284/500  best=-487.746 eV  minima=221  elapsed=2431s
[ssw] trial 285/500  best=-487.746 eV  minima=221  elapsed=2432s
[ssw] trial 286/500  best=-487.746 eV  minima=222  elapsed=2439s
[ssw] trial 287/500  best=-487.746 eV  minima=223  elapsed=2448s
[ssw] trial 288/500  best=-487.746 eV  minima=224  elapsed=2456s
[ssw] trial 289/500  best=-487.746 eV  minima=225  elapsed=2465s
[ssw] trial 290/500  best=-487.746 eV  minima=226  elapsed=2472s
[ssw] trial 291/500  best=-487.746 eV  minima=227  elapsed=2479s
[ssw] trial 292/500  best=-487.746 eV  minima=228  elapsed=2488s
[ssw] trial 293/500  best=-487.746 eV  minima=229  elapsed=2496s
[ssw] trial 294/500  best=-487.746 eV  minima=229  elapsed=2497s
[ssw] trial 295/500  best=-487.746 eV  minima=230  elapsed=2509s
[ssw] trial 296/500  best=-487.746 eV  minima=231  elapsed=2522s
[ssw] trial 297/500  best=-487.746 eV  minima=232  elapsed=2532s
[ssw] trial 298/500  best=-487.746 eV  minima=233  elapsed=2534s
[ssw] trial 299/500  best=-487.746 eV  minima=234  elapsed=2547s
[ssw] trial 300/500  best=-487.746 eV  minima=235  elapsed=2560s
[ssw] trial 301/500  best=-487.746 eV  minima=236  elapsed=2571s
[ssw] trial 302/500  best=-487.746 eV  minima=237  elapsed=2585s
[ssw] trial 303/500  best=-487.746 eV  minima=238  elapsed=2595s
[ssw] trial 304/500  best=-487.746 eV  minima=239  elapsed=2608s
[ssw] trial 305/500  best=-487.746 eV  minima=240  elapsed=2615s
[ssw] trial 306/500  best=-487.746 eV  minima=241  elapsed=2617s
[ssw] trial 307/500  best=-487.746 eV  minima=242  elapsed=2630s
[ssw] trial 308/500  best=-487.746 eV  minima=243  elapsed=2643s
[ssw] trial 309/500  best=-487.746 eV  minima=244  elapsed=2656s
[ssw] trial 310/500  best=-487.746 eV  minima=245  elapsed=2665s
[ssw] trial 311/500  best=-487.746 eV  minima=246  elapsed=2678s
[ssw] trial 312/500  best=-487.746 eV  minima=247  elapsed=2691s
[ssw] trial 313/500  best=-487.746 eV  minima=248  elapsed=2702s
[ssw] trial 314/500  best=-487.746 eV  minima=248  elapsed=2703s
[ssw] trial 315/500  best=-487.746 eV  minima=248  elapsed=2704s
[ssw] trial 316/500  best=-487.746 eV  minima=249  elapsed=2709s
[ssw] trial 317/500  best=-487.746 eV  minima=249  elapsed=2711s
[ssw] trial 318/500  best=-487.746 eV  minima=250  elapsed=2724s
[ssw] trial 319/500  best=-487.746 eV  minima=251  elapsed=2732s
[ssw] trial 320/500  best=-487.746 eV  minima=252  elapsed=2741s
[ssw] trial 321/500  best=-487.746 eV  minima=253  elapsed=2743s
[ssw] trial 322/500  best=-487.746 eV  minima=254  elapsed=2754s
[ssw] trial 323/500  best=-487.746 eV  minima=254  elapsed=2755s
[ssw] trial 324/500  best=-487.746 eV  minima=255  elapsed=2767s
[ssw] trial 325/500  best=-487.746 eV  minima=256  elapsed=2780s
[ssw] trial 326/500  best=-487.746 eV  minima=257  elapsed=2789s
[ssw] trial 327/500  best=-487.746 eV  minima=258  elapsed=2791s
[ssw] trial 328/500  best=-487.746 eV  minima=259  elapsed=2799s
[ssw] trial 329/500  best=-487.746 eV  minima=259  elapsed=2800s
[ssw] trial 330/500  best=-487.746 eV  minima=260  elapsed=2814s
[ssw] trial 331/500  best=-487.746 eV  minima=261  elapsed=2824s
[ssw] trial 332/500  best=-487.746 eV  minima=262  elapsed=2836s
[ssw] trial 333/500  best=-487.746 eV  minima=263  elapsed=2848s
[ssw] trial 334/500  best=-487.746 eV  minima=264  elapsed=2859s
[ssw] trial 335/500  best=-487.746 eV  minima=265  elapsed=2868s
[ssw] trial 336/500  best=-487.746 eV  minima=266  elapsed=2879s
[ssw] trial 337/500  best=-487.746 eV  minima=266  elapsed=2883s
[ssw] trial 338/500  best=-487.746 eV  minima=266  elapsed=2885s
[ssw] trial 339/500  best=-487.746 eV  minima=267  elapsed=2898s
[ssw] trial 340/500  best=-487.746 eV  minima=268  elapsed=2909s
[ssw] trial 341/500  best=-487.746 eV  minima=269  elapsed=2922s
[ssw] trial 342/500  best=-487.746 eV  minima=270  elapsed=2933s
[ssw] trial 343/500  best=-487.746 eV  minima=271  elapsed=2942s
[ssw] trial 344/500  best=-487.746 eV  minima=272  elapsed=2951s
[ssw] trial 345/500  best=-487.746 eV  minima=273  elapsed=2964s
[ssw] trial 346/500  best=-487.746 eV  minima=274  elapsed=2970s
[ssw] trial 347/500  best=-487.746 eV  minima=275  elapsed=2982s
[ssw] trial 348/500  best=-487.746 eV  minima=276  elapsed=2996s
[ssw] trial 349/500  best=-487.746 eV  minima=277  elapsed=3010s
[ssw] trial 350/500  best=-487.746 eV  minima=278  elapsed=3023s
[ssw] trial 351/500  best=-487.746 eV  minima=279  elapsed=3036s
[ssw] trial 352/500  best=-487.746 eV  minima=280  elapsed=3049s
[ssw] trial 353/500  best=-487.746 eV  minima=281  elapsed=3058s
[ssw] trial 354/500  best=-487.746 eV  minima=281  elapsed=3059s
[ssw] trial 355/500  best=-487.746 eV  minima=282  elapsed=3072s
[ssw] trial 356/500  best=-487.746 eV  minima=282  elapsed=3085s
[ssw] trial 357/500  best=-487.746 eV  minima=283  elapsed=3092s
[ssw] trial 358/500  best=-487.746 eV  minima=284  elapsed=3101s
[ssw] trial 359/500  best=-487.746 eV  minima=285  elapsed=3108s
[ssw] trial 360/500  best=-487.746 eV  minima=286  elapsed=3121s
[ssw] trial 361/500  best=-487.746 eV  minima=287  elapsed=3134s
[ssw] trial 362/500  best=-487.746 eV  minima=288  elapsed=3138s
[ssw] trial 363/500  best=-487.746 eV  minima=288  elapsed=3139s
[ssw] trial 364/500  best=-487.746 eV  minima=289  elapsed=3151s
[ssw] trial 365/500  best=-487.746 eV  minima=289  elapsed=3152s
[ssw] trial 366/500  best=-487.746 eV  minima=289  elapsed=3154s
[ssw] trial 367/500  best=-487.746 eV  minima=290  elapsed=3167s
[ssw] trial 368/500  best=-487.746 eV  minima=290  elapsed=3169s
[ssw] trial 369/500  best=-487.746 eV  minima=290  elapsed=3170s
[ssw] trial 370/500  best=-487.746 eV  minima=291  elapsed=3183s
[ssw] trial 371/500  best=-487.746 eV  minima=292  elapsed=3197s
[ssw] trial 372/500  best=-487.746 eV  minima=293  elapsed=3208s
[ssw] trial 373/500  best=-487.746 eV  minima=294  elapsed=3221s
[ssw] trial 374/500  best=-487.746 eV  minima=295  elapsed=3231s
[ssw] trial 375/500  best=-488.293 eV  minima=296  elapsed=3240s
[ssw] trial 376/500  best=-488.293 eV  minima=296  elapsed=3242s
[ssw] trial 377/500  best=-488.293 eV  minima=297  elapsed=3251s
[ssw] trial 378/500  best=-488.293 eV  minima=298  elapsed=3258s
[ssw] trial 379/500  best=-488.293 eV  minima=298  elapsed=3259s
[ssw] trial 380/500  best=-488.293 eV  minima=299  elapsed=3271s
[ssw] trial 381/500  best=-488.293 eV  minima=300  elapsed=3284s
[ssw] trial 382/500  best=-488.293 eV  minima=300  elapsed=3286s
[ssw] trial 383/500  best=-488.293 eV  minima=300  elapsed=3287s
[ssw] trial 384/500  best=-488.293 eV  minima=301  elapsed=3300s
[ssw] trial 385/500  best=-488.293 eV  minima=302  elapsed=3312s
[ssw] trial 386/500  best=-488.293 eV  minima=303  elapsed=3325s
[ssw] trial 387/500  best=-488.293 eV  minima=304  elapsed=3336s
[ssw] trial 388/500  best=-488.293 eV  minima=305  elapsed=3350s
[ssw] trial 389/500  best=-488.293 eV  minima=306  elapsed=3354s
[ssw] trial 390/500  best=-488.293 eV  minima=306  elapsed=3356s
[ssw] trial 391/500  best=-488.293 eV  minima=307  elapsed=3366s
[ssw] trial 392/500  best=-488.297 eV  minima=308  elapsed=3376s
[ssw] trial 393/500  best=-488.297 eV  minima=308  elapsed=3377s
[ssw] trial 394/500  best=-488.297 eV  minima=308  elapsed=3386s
[ssw] trial 395/500  best=-488.303 eV  minima=309  elapsed=3401s
[ssw] trial 396/500  best=-488.303 eV  minima=309  elapsed=3402s
[ssw] trial 397/500  best=-488.303 eV  minima=310  elapsed=3413s
[ssw] trial 398/500  best=-488.303 eV  minima=310  elapsed=3414s
[ssw] trial 399/500  best=-488.303 eV  minima=310  elapsed=3418s
[ssw] trial 400/500  best=-488.303 eV  minima=311  elapsed=3427s
[ssw] trial 401/500  best=-488.303 eV  minima=312  elapsed=3440s
[ssw] trial 402/500  best=-488.303 eV  minima=313  elapsed=3454s
[ssw] trial 403/500  best=-488.303 eV  minima=313  elapsed=3455s
[ssw] trial 404/500  best=-488.303 eV  minima=314  elapsed=3469s
[ssw] trial 405/500  best=-488.303 eV  minima=315  elapsed=3482s
[ssw] trial 406/500  best=-488.303 eV  minima=316  elapsed=3496s
[ssw] trial 407/500  best=-488.303 eV  minima=317  elapsed=3500s
[ssw] trial 408/500  best=-488.303 eV  minima=318  elapsed=3511s
[ssw] trial 409/500  best=-488.303 eV  minima=319  elapsed=3522s
[ssw] trial 410/500  best=-488.303 eV  minima=320  elapsed=3535s
[ssw] trial 411/500  best=-488.303 eV  minima=321  elapsed=3548s
[ssw] trial 412/500  best=-488.303 eV  minima=322  elapsed=3561s
[ssw] trial 413/500  best=-488.303 eV  minima=323  elapsed=3568s
[ssw] trial 414/500  best=-488.303 eV  minima=324  elapsed=3577s
[ssw] trial 415/500  best=-488.303 eV  minima=325  elapsed=3583s
[ssw] trial 416/500  best=-488.303 eV  minima=326  elapsed=3595s
[ssw] trial 417/500  best=-488.303 eV  minima=327  elapsed=3605s
[ssw] trial 418/500  best=-488.303 eV  minima=328  elapsed=3610s
[ssw] trial 419/500  best=-488.303 eV  minima=328  elapsed=3611s
[ssw] trial 420/500  best=-488.303 eV  minima=329  elapsed=3624s
[ssw] trial 421/500  best=-488.303 eV  minima=329  elapsed=3625s
[ssw] trial 422/500  best=-488.303 eV  minima=330  elapsed=3634s
[ssw] trial 423/500  best=-488.303 eV  minima=331  elapsed=3642s
[ssw] trial 424/500  best=-488.303 eV  minima=332  elapsed=3652s
[ssw] trial 425/500  best=-488.303 eV  minima=332  elapsed=3654s
[ssw] trial 426/500  best=-488.303 eV  minima=333  elapsed=3664s
[ssw] trial 427/500  best=-488.303 eV  minima=334  elapsed=3676s
[ssw] trial 428/500  best=-488.303 eV  minima=335  elapsed=3686s
[ssw] trial 429/500  best=-488.303 eV  minima=336  elapsed=3699s
[ssw] trial 430/500  best=-488.303 eV  minima=337  elapsed=3713s
[ssw] trial 431/500  best=-488.303 eV  minima=338  elapsed=3726s
[ssw] trial 432/500  best=-488.303 eV  minima=338  elapsed=3728s
[ssw] trial 433/500  best=-488.303 eV  minima=339  elapsed=3739s
[ssw] trial 434/500  best=-488.303 eV  minima=340  elapsed=3745s
[ssw] trial 435/500  best=-488.303 eV  minima=341  elapsed=3753s
[ssw] trial 436/500  best=-488.352 eV  minima=342  elapsed=3764s
[ssw] trial 437/500  best=-488.352 eV  minima=343  elapsed=3775s
[ssw] trial 438/500  best=-488.352 eV  minima=344  elapsed=3788s
[ssw] trial 439/500  best=-488.352 eV  minima=344  elapsed=3789s
[ssw] trial 440/500  best=-488.352 eV  minima=344  elapsed=3791s
[ssw] trial 441/500  best=-488.352 eV  minima=345  elapsed=3805s
[ssw] trial 442/500  best=-488.352 eV  minima=346  elapsed=3816s
[ssw] trial 443/500  best=-488.352 eV  minima=346  elapsed=3817s
[ssw] trial 444/500  best=-488.352 eV  minima=347  elapsed=3827s
[ssw] trial 445/500  best=-488.352 eV  minima=348  elapsed=3829s
[ssw] trial 446/500  best=-488.352 eV  minima=349  elapsed=3843s
[ssw] trial 447/500  best=-488.352 eV  minima=350  elapsed=3853s
[ssw] trial 448/500  best=-488.352 eV  minima=351  elapsed=3863s
[ssw] trial 449/500  best=-488.352 eV  minima=351  elapsed=3865s
[ssw] trial 450/500  best=-488.352 eV  minima=351  elapsed=3866s
[ssw] trial 451/500  best=-488.352 eV  minima=352  elapsed=3876s
[ssw] trial 452/500  best=-488.352 eV  minima=352  elapsed=3877s
[ssw] trial 453/500  best=-488.352 eV  minima=353  elapsed=3891s
[ssw] trial 454/500  best=-488.352 eV  minima=354  elapsed=3904s
[ssw] trial 455/500  best=-488.352 eV  minima=355  elapsed=3918s
[ssw] trial 456/500  best=-488.352 eV  minima=356  elapsed=3931s
[ssw] trial 457/500  best=-488.352 eV  minima=357  elapsed=3941s
[ssw] trial 458/500  best=-488.352 eV  minima=358  elapsed=3954s
[ssw] trial 459/500  best=-488.352 eV  minima=358  elapsed=3956s
[ssw] trial 460/500  best=-488.352 eV  minima=358  elapsed=3966s
[ssw] trial 461/500  best=-488.352 eV  minima=359  elapsed=3980s
[ssw] trial 462/500  best=-488.352 eV  minima=360  elapsed=3993s
[ssw] trial 463/500  best=-488.352 eV  minima=361  elapsed=4006s
[ssw] trial 464/500  best=-488.352 eV  minima=361  elapsed=4010s
[ssw] trial 465/500  best=-488.352 eV  minima=362  elapsed=4020s
[ssw] trial 466/500  best=-488.352 eV  minima=362  elapsed=4022s
[ssw] trial 467/500  best=-488.352 eV  minima=363  elapsed=4035s
[ssw] trial 468/500  best=-488.352 eV  minima=364  elapsed=4049s
[ssw] trial 469/500  best=-488.352 eV  minima=365  elapsed=4061s
[ssw] trial 470/500  best=-488.352 eV  minima=366  elapsed=4075s
[ssw] trial 471/500  best=-488.352 eV  minima=366  elapsed=4077s
[ssw] trial 472/500  best=-488.352 eV  minima=367  elapsed=4091s
[ssw] trial 473/500  best=-488.352 eV  minima=368  elapsed=4098s
[ssw] trial 474/500  best=-488.352 eV  minima=368  elapsed=4100s
[ssw] trial 475/500  best=-488.352 eV  minima=369  elapsed=4108s
[ssw] trial 476/500  best=-488.352 eV  minima=370  elapsed=4122s
[ssw] trial 477/500  best=-488.352 eV  minima=371  elapsed=4136s
[ssw] trial 478/500  best=-488.352 eV  minima=372  elapsed=4144s
[ssw] trial 479/500  best=-488.352 eV  minima=373  elapsed=4155s
[ssw] trial 480/500  best=-488.355 eV  minima=374  elapsed=4165s
[ssw] trial 481/500  best=-488.355 eV  minima=375  elapsed=4179s
[ssw] trial 482/500  best=-488.355 eV  minima=376  elapsed=4192s
[ssw] trial 483/500  best=-488.355 eV  minima=377  elapsed=4205s
[ssw] trial 484/500  best=-488.355 eV  minima=378  elapsed=4211s
[ssw] trial 485/500  best=-488.355 eV  minima=379  elapsed=4221s
[ssw] trial 486/500  best=-488.355 eV  minima=380  elapsed=4231s
[ssw] trial 487/500  best=-488.355 eV  minima=381  elapsed=4237s
[ssw] trial 488/500  best=-488.355 eV  minima=382  elapsed=4250s
[ssw] trial 489/500  best=-488.355 eV  minima=383  elapsed=4263s
[ssw] trial 490/500  best=-488.355 eV  minima=383  elapsed=4265s
[ssw] trial 491/500  best=-488.355 eV  minima=384  elapsed=4277s
[ssw] trial 492/500  best=-488.355 eV  minima=385  elapsed=4288s
[ssw] trial 493/500  best=-488.355 eV  minima=386  elapsed=4301s
[ssw] trial 494/500  best=-488.355 eV  minima=387  elapsed=4315s
[ssw] trial 495/500  best=-488.355 eV  minima=388  elapsed=4324s
[ssw] trial 496/500  best=-488.355 eV  minima=388  elapsed=4326s
[ssw] trial 497/500  best=-488.355 eV  minima=389  elapsed=4336s
[ssw] trial 498/500  best=-488.355 eV  minima=390  elapsed=4347s
[ssw] trial 499/500  best=-488.355 eV  minima=391  elapsed=4350s
[ssw] trial 500/500  best=-488.355 eV  minima=392  elapsed=4363s
[ssw] done: 500 trials, 392 minima, best=-488.355 eV, elapsed=4363s
/root/bin/mace-0.3.14/mace/calculators/mace.py:199: UserWarning: Environment variable TORCH_FORCE_NO_WEIGHTS_ONLY_LOAD detected, since the`weights_only` argument was not explicitly passed to `torch.load`, forcing weights_only=False.
  torch.load(f=model_path, map_location=device)
/root/bin/mace-0.3.14/mace/modules/models.py:509: FutureWarning: `torch.cuda.amp.autocast(args...)` is deprecated. Please use `torch.amp.autocast('cuda', args...)` instead.
  with autocast(enabled=use_amp, dtype=torch.bfloat16):
Using head Default out of ['pt_head', 'Default']
Default dtype float32 does not match model dtype float64, converting models to float32.
Setting inference mode to: enable_amp = False
[ssw] starting 500 trials...
[ssw] trial 1/500  best=-200.267 eV  minima=2  elapsed=30s
[ssw] trial 2/500  best=-200.825 eV  minima=3  elapsed=54s
[ssw] trial 3/500  best=-200.825 eV  minima=4  elapsed=87s
[ssw] trial 4/500  best=-200.825 eV  minima=5  elapsed=119s
[ssw] trial 5/500  best=-200.825 eV  minima=6  elapsed=142s
[ssw] trial 6/500  best=-200.825 eV  minima=7  elapsed=153s
[ssw] trial 7/500  best=-200.825 eV  minima=8  elapsed=197s
[ssw] trial 8/500  best=-200.825 eV  minima=9  elapsed=224s
[ssw] trial 9/500  best=-200.825 eV  minima=10  elapsed=269s
[ssw] trial 10/500  best=-200.835 eV  minima=11  elapsed=295s
[ssw] trial 11/500  best=-200.835 eV  minima=12  elapsed=309s
[ssw] trial 12/500  best=-200.980 eV  minima=13  elapsed=342s
[ssw] trial 13/500  best=-200.980 eV  minima=14  elapsed=356s
[ssw] trial 14/500  best=-200.980 eV  minima=15  elapsed=409s
[ssw] trial 15/500  best=-201.213 eV  minima=16  elapsed=428s
[ssw] trial 16/500  best=-201.213 eV  minima=17  elapsed=449s
[ssw] trial 17/500  best=-201.213 eV  minima=18  elapsed=498s
[ssw] trial 18/500  best=-201.213 eV  minima=19  elapsed=527s
[ssw] trial 19/500  best=-201.213 eV  minima=20  elapsed=562s
[ssw] trial 20/500  best=-201.213 eV  minima=21  elapsed=587s
[ssw] trial 21/500  best=-201.213 eV  minima=22  elapsed=635s
[ssw] trial 22/500  best=-201.376 eV  minima=23  elapsed=650s
[ssw] trial 23/500  best=-201.376 eV  minima=24  elapsed=672s
[ssw] trial 24/500  best=-201.422 eV  minima=25  elapsed=694s
[ssw] trial 25/500  best=-201.422 eV  minima=26  elapsed=714s
[ssw] trial 26/500  best=-201.422 eV  minima=27  elapsed=730s
[ssw] trial 27/500  best=-201.422 eV  minima=28  elapsed=765s
[ssw] trial 28/500  best=-201.422 eV  minima=29  elapsed=808s
[ssw] trial 29/500  best=-201.422 eV  minima=30  elapsed=862s
[ssw] trial 30/500  best=-201.422 eV  minima=31  elapsed=893s
[ssw] trial 31/500  best=-201.422 eV  minima=32  elapsed=913s
[ssw] trial 32/500  best=-201.422 eV  minima=33  elapsed=962s
[ssw] trial 33/500  best=-201.422 eV  minima=34  elapsed=1016s
[ssw] trial 34/500  best=-201.422 eV  minima=35  elapsed=1048s
[ssw] trial 35/500  best=-201.422 eV  minima=36  elapsed=1109s
[ssw] trial 36/500  best=-201.422 eV  minima=37  elapsed=1147s
[ssw] trial 37/500  best=-201.422 eV  minima=38  elapsed=1162s
[ssw] trial 38/500  best=-201.422 eV  minima=39  elapsed=1189s
[ssw] trial 39/500  best=-201.422 eV  minima=40  elapsed=1216s
[ssw] trial 40/500  best=-201.422 eV  minima=41  elapsed=1240s
[ssw] trial 41/500  best=-201.422 eV  minima=42  elapsed=1274s
[ssw] trial 42/500  best=-201.422 eV  minima=43  elapsed=1303s
[ssw] trial 43/500  best=-201.422 eV  minima=44  elapsed=1332s
[ssw] trial 44/500  best=-201.422 eV  minima=45  elapsed=1352s
[ssw] trial 45/500  best=-201.422 eV  minima=46  elapsed=1388s
[ssw] trial 46/500  best=-201.422 eV  minima=47  elapsed=1437s
[ssw] trial 47/500  best=-201.422 eV  minima=48  elapsed=1462s
[ssw] trial 48/500  best=-201.422 eV  minima=49  elapsed=1528s
[ssw] trial 49/500  best=-201.422 eV  minima=50  elapsed=1546s
[ssw] trial 50/500  best=-201.422 eV  minima=51  elapsed=1557s
[ssw] trial 51/500  best=-201.422 eV  minima=52  elapsed=1589s
[ssw] trial 52/500  best=-201.422 eV  minima=53  elapsed=1605s
[ssw] trial 53/500  best=-201.422 eV  minima=54  elapsed=1627s
[ssw] trial 54/500  best=-201.422 eV  minima=55  elapsed=1666s
[ssw] trial 55/500  best=-201.422 eV  minima=56  elapsed=1687s
[ssw] trial 56/500  best=-201.638 eV  minima=57  elapsed=1733s
[ssw] trial 57/500  best=-201.638 eV  minima=58  elapsed=1748s
[ssw] trial 58/500  best=-201.638 eV  minima=59  elapsed=1803s
[ssw] trial 59/500  best=-201.638 eV  minima=60  elapsed=1827s
[ssw] trial 60/500  best=-201.638 eV  minima=61  elapsed=1853s
[ssw] trial 61/500  best=-201.638 eV  minima=62  elapsed=1906s
[ssw] trial 62/500  best=-201.638 eV  minima=63  elapsed=1928s
[ssw] trial 63/500  best=-202.095 eV  minima=64  elapsed=1955s
[ssw] trial 64/500  best=-202.095 eV  minima=65  elapsed=1986s
[ssw] trial 65/500  best=-202.103 eV  minima=66  elapsed=2005s
[ssw] trial 66/500  best=-202.103 eV  minima=67  elapsed=2021s
[ssw] trial 67/500  best=-202.103 eV  minima=68  elapsed=2036s
[ssw] trial 68/500  best=-202.103 eV  minima=69  elapsed=2061s
[ssw] trial 69/500  best=-202.103 eV  minima=70  elapsed=2105s
[ssw] trial 70/500  best=-202.103 eV  minima=71  elapsed=2152s
[ssw] trial 71/500  best=-202.103 eV  minima=72  elapsed=2188s
[ssw] trial 72/500  best=-202.103 eV  minima=73  elapsed=2204s
[ssw] trial 73/500  best=-202.103 eV  minima=74  elapsed=2240s
[ssw] trial 74/500  best=-202.103 eV  minima=75  elapsed=2259s
[ssw] trial 75/500  best=-202.103 eV  minima=76  elapsed=2305s
[ssw] trial 76/500  best=-202.103 eV  minima=77  elapsed=2338s
[ssw] trial 77/500  best=-202.103 eV  minima=78  elapsed=2366s
[ssw] trial 78/500  best=-202.103 eV  minima=79  elapsed=2377s
[ssw] trial 79/500  best=-202.103 eV  minima=80  elapsed=2406s
[ssw] trial 80/500  best=-202.103 eV  minima=81  elapsed=2439s
[ssw] trial 81/500  best=-202.103 eV  minima=82  elapsed=2452s
[ssw] trial 82/500  best=-202.103 eV  minima=83  elapsed=2467s
[ssw] trial 83/500  best=-202.261 eV  minima=84  elapsed=2486s
[ssw] trial 84/500  best=-202.261 eV  minima=85  elapsed=2518s
[ssw] trial 85/500  best=-202.261 eV  minima=86  elapsed=2547s
[ssw] trial 86/500  best=-202.261 eV  minima=87  elapsed=2568s
[ssw] trial 87/500  best=-202.261 eV  minima=88  elapsed=2601s
[ssw] trial 88/500  best=-202.261 eV  minima=89  elapsed=2619s
[ssw] trial 89/500  best=-202.261 eV  minima=90  elapsed=2674s
[ssw] trial 90/500  best=-202.261 eV  minima=91  elapsed=2708s
[ssw] trial 91/500  best=-202.261 eV  minima=92  elapsed=2749s
[ssw] trial 92/500  best=-202.261 eV  minima=93  elapsed=2786s
[ssw] trial 93/500  best=-202.261 eV  minima=94  elapsed=2805s
[ssw] trial 94/500  best=-202.261 eV  minima=95  elapsed=2847s
[ssw] trial 95/500  best=-202.261 eV  minima=96  elapsed=2869s
[ssw] trial 96/500  best=-202.261 eV  minima=97  elapsed=2903s
[ssw] trial 97/500  best=-202.261 eV  minima=98  elapsed=2923s
[ssw] trial 98/500  best=-202.261 eV  minima=99  elapsed=2956s
[ssw] trial 99/500  best=-202.261 eV  minima=100  elapsed=2988s
[ssw] trial 100/500  best=-202.261 eV  minima=101  elapsed=3011s
[ssw] trial 101/500  best=-202.261 eV  minima=102  elapsed=3043s
[ssw] trial 102/500  best=-202.261 eV  minima=103  elapsed=3092s
[ssw] trial 103/500  best=-202.261 eV  minima=104  elapsed=3118s
[ssw] trial 104/500  best=-202.261 eV  minima=105  elapsed=3126s
[ssw] trial 105/500  best=-202.261 eV  minima=106  elapsed=3146s
[ssw] trial 106/500  best=-202.261 eV  minima=107  elapsed=3187s
[ssw] trial 107/500  best=-202.261 eV  minima=108  elapsed=3201s
[ssw] trial 108/500  best=-202.261 eV  minima=109  elapsed=3231s
[ssw] trial 109/500  best=-202.261 eV  minima=110  elapsed=3264s
[ssw] trial 110/500  best=-202.261 eV  minima=111  elapsed=3279s
[ssw] trial 111/500  best=-202.261 eV  minima=112  elapsed=3305s
[ssw] trial 112/500  best=-202.261 eV  minima=113  elapsed=3317s
[ssw] trial 113/500  best=-202.261 eV  minima=114  elapsed=3377s
[ssw] trial 114/500  best=-202.261 eV  minima=115  elapsed=3396s
[ssw] trial 115/500  best=-202.261 eV  minima=116  elapsed=3428s
[ssw] trial 116/500  best=-202.261 eV  minima=117  elapsed=3461s
[ssw] trial 117/500  best=-202.261 eV  minima=118  elapsed=3483s
[ssw] trial 118/500  best=-202.261 eV  minima=119  elapsed=3496s
[ssw] trial 119/500  best=-202.261 eV  minima=120  elapsed=3504s
[ssw] trial 120/500  best=-202.261 eV  minima=121  elapsed=3536s
[ssw] trial 121/500  best=-202.261 eV  minima=122  elapsed=3581s
[ssw] trial 122/500  best=-202.261 eV  minima=123  elapsed=3610s
[ssw] trial 123/500  best=-202.261 eV  minima=124  elapsed=3654s
[ssw] trial 124/500  best=-202.261 eV  minima=125  elapsed=3677s
[ssw] trial 125/500  best=-202.261 eV  minima=126  elapsed=3718s
[ssw] trial 126/500  best=-202.261 eV  minima=127  elapsed=3746s
[ssw] trial 127/500  best=-202.261 eV  minima=128  elapsed=3786s
[ssw] trial 128/500  best=-202.261 eV  minima=129  elapsed=3807s
[ssw] trial 129/500  best=-202.261 eV  minima=130  elapsed=3848s
[ssw] trial 130/500  best=-202.261 eV  minima=131  elapsed=3861s
[ssw] trial 131/500  best=-202.261 eV  minima=132  elapsed=3880s
[ssw] trial 132/500  best=-202.261 eV  minima=133  elapsed=3907s
[ssw] trial 133/500  best=-202.261 eV  minima=134  elapsed=3922s
[ssw] trial 134/500  best=-202.261 eV  minima=135  elapsed=3982s
[ssw] trial 135/500  best=-202.261 eV  minima=136  elapsed=4008s
[ssw] trial 136/500  best=-202.261 eV  minima=137  elapsed=4041s
[ssw] trial 137/500  best=-202.261 eV  minima=138  elapsed=4064s
[ssw] trial 138/500  best=-202.261 eV  minima=139  elapsed=4078s
[ssw] trial 139/500  best=-202.261 eV  minima=140  elapsed=4093s
[ssw] trial 140/500  best=-202.261 eV  minima=141  elapsed=4115s
[ssw] trial 141/500  best=-202.261 eV  minima=142  elapsed=4135s
[ssw] trial 142/500  best=-202.261 eV  minima=143  elapsed=4166s
[ssw] trial 143/500  best=-202.261 eV  minima=144  elapsed=4199s
[ssw] trial 144/500  best=-202.261 eV  minima=145  elapsed=4259s
[ssw] trial 145/500  best=-202.261 eV  minima=146  elapsed=4282s
[ssw] trial 146/500  best=-202.261 eV  minima=147  elapsed=4342s
[ssw] trial 147/500  best=-202.261 eV  minima=148  elapsed=4357s
[ssw] trial 148/500  best=-202.261 eV  minima=149  elapsed=4412s
[ssw] trial 149/500  best=-202.261 eV  minima=150  elapsed=4454s
[ssw] trial 150/500  best=-202.261 eV  minima=151  elapsed=4470s
[ssw] trial 151/500  best=-202.261 eV  minima=152  elapsed=4493s
[ssw] trial 152/500  best=-202.261 eV  minima=153  elapsed=4543s
[ssw] trial 153/500  best=-202.261 eV  minima=154  elapsed=4559s
[ssw] trial 154/500  best=-202.261 eV  minima=155  elapsed=4593s
[ssw] trial 155/500  best=-202.261 eV  minima=156  elapsed=4609s
[ssw] trial 156/500  best=-202.261 eV  minima=157  elapsed=4626s
[ssw] trial 157/500  best=-202.261 eV  minima=158  elapsed=4650s
[ssw] trial 158/500  best=-202.261 eV  minima=159  elapsed=4689s
[ssw] trial 159/500  best=-202.261 eV  minima=160  elapsed=4737s
[ssw] trial 160/500  best=-202.261 eV  minima=161  elapsed=4750s
[ssw] trial 161/500  best=-202.261 eV  minima=162  elapsed=4771s
[ssw] trial 162/500  best=-202.261 eV  minima=163  elapsed=4824s
[ssw] trial 163/500  best=-202.261 eV  minima=164  elapsed=4838s
[ssw] trial 164/500  best=-202.261 eV  minima=165  elapsed=4871s
[ssw] trial 165/500  best=-202.261 eV  minima=166  elapsed=4911s
[ssw] trial 166/500  best=-202.261 eV  minima=167  elapsed=4969s
[ssw] trial 167/500  best=-202.261 eV  minima=168  elapsed=4987s
[ssw] trial 168/500  best=-202.261 eV  minima=169  elapsed=5001s
[ssw] trial 169/500  best=-202.261 eV  minima=170  elapsed=5051s
[ssw] trial 170/500  best=-202.261 eV  minima=171  elapsed=5072s
[ssw] trial 171/500  best=-202.261 eV  minima=172  elapsed=5097s
[ssw] trial 172/500  best=-202.261 eV  minima=173  elapsed=5119s
[ssw] trial 173/500  best=-202.261 eV  minima=174  elapsed=5134s
[ssw] trial 174/500  best=-202.261 eV  minima=175  elapsed=5154s
[ssw] trial 175/500  best=-202.261 eV  minima=176  elapsed=5192s
[ssw] trial 176/500  best=-202.261 eV  minima=177  elapsed=5215s
[ssw] trial 177/500  best=-202.261 eV  minima=178  elapsed=5236s
[ssw] trial 178/500  best=-202.261 eV  minima=179  elapsed=5267s
[ssw] trial 179/500  best=-202.261 eV  minima=180  elapsed=5300s
[ssw] trial 180/500  best=-202.261 eV  minima=181  elapsed=5340s
[ssw] trial 181/500  best=-202.261 eV  minima=182  elapsed=5393s
[ssw] trial 182/500  best=-202.261 eV  minima=183  elapsed=5414s
[ssw] trial 183/500  best=-202.261 eV  minima=184  elapsed=5450s
[ssw] trial 184/500  best=-202.261 eV  minima=185  elapsed=5480s
[ssw] trial 185/500  best=-202.261 eV  minima=186  elapsed=5515s
[ssw] trial 186/500  best=-202.261 eV  minima=187  elapsed=5532s
[ssw] trial 187/500  best=-202.261 eV  minima=188  elapsed=5584s
[ssw] trial 188/500  best=-202.261 eV  minima=189  elapsed=5651s
[ssw] trial 189/500  best=-202.261 eV  minima=190  elapsed=5686s
[ssw] trial 190/500  best=-202.261 eV  minima=191  elapsed=5710s
[ssw] trial 191/500  best=-202.261 eV  minima=192  elapsed=5755s
[ssw] trial 192/500  best=-202.261 eV  minima=193  elapsed=5783s
[ssw] trial 193/500  best=-202.261 eV  minima=194  elapsed=5806s
[ssw] trial 194/500  best=-202.261 eV  minima=195  elapsed=5869s
[ssw] trial 195/500  best=-202.261 eV  minima=196  elapsed=5912s
[ssw] trial 196/500  best=-202.261 eV  minima=197  elapsed=5944s
[ssw] trial 197/500  best=-202.261 eV  minima=198  elapsed=5957s
[ssw] trial 198/500  best=-202.261 eV  minima=199  elapsed=5991s
[ssw] trial 199/500  best=-202.261 eV  minima=200  elapsed=6025s
[ssw] trial 200/500  best=-202.261 eV  minima=201  elapsed=6039s
[ssw] trial 201/500  best=-202.261 eV  minima=202  elapsed=6090s
[ssw] trial 202/500  best=-202.261 eV  minima=203  elapsed=6112s
[ssw] trial 203/500  best=-202.261 eV  minima=204  elapsed=6133s
[ssw] trial 204/500  best=-202.261 eV  minima=205  elapsed=6173s
[ssw] trial 205/500  best=-202.261 eV  minima=206  elapsed=6193s
[ssw] trial 206/500  best=-202.261 eV  minima=207  elapsed=6208s
[ssw] trial 207/500  best=-202.261 eV  minima=208  elapsed=6258s
[ssw] trial 208/500  best=-202.261 eV  minima=209  elapsed=6291s
[ssw] trial 209/500  best=-202.261 eV  minima=210  elapsed=6316s
[ssw] trial 210/500  best=-202.261 eV  minima=211  elapsed=6348s
[ssw] trial 211/500  best=-202.261 eV  minima=212  elapsed=6380s
[ssw] trial 212/500  best=-202.261 eV  minima=213  elapsed=6414s
[ssw] trial 213/500  best=-202.261 eV  minima=214  elapsed=6440s
[ssw] trial 214/500  best=-202.261 eV  minima=215  elapsed=6456s
[ssw] trial 215/500  best=-202.261 eV  minima=216  elapsed=6489s
[ssw] trial 216/500  best=-202.261 eV  minima=217  elapsed=6527s
[ssw] trial 217/500  best=-202.261 eV  minima=218  elapsed=6563s
[ssw] trial 218/500  best=-202.261 eV  minima=219  elapsed=6582s
[ssw] trial 219/500  best=-202.261 eV  minima=220  elapsed=6596s
[ssw] trial 220/500  best=-202.261 eV  minima=221  elapsed=6624s
[ssw] trial 221/500  best=-202.261 eV  minima=222  elapsed=6675s
[ssw] trial 222/500  best=-202.261 eV  minima=223  elapsed=6703s
[ssw] trial 223/500  best=-202.261 eV  minima=224  elapsed=6747s
[ssw] trial 224/500  best=-202.261 eV  minima=225  elapsed=6771s
[ssw] trial 225/500  best=-202.261 eV  minima=226  elapsed=6835s
[ssw] trial 226/500  best=-202.261 eV  minima=227  elapsed=6874s
[ssw] trial 227/500  best=-202.261 eV  minima=228  elapsed=6884s
[ssw] trial 228/500  best=-202.261 eV  minima=229  elapsed=6912s
[ssw] trial 229/500  best=-202.261 eV  minima=230  elapsed=6984s
[ssw] trial 230/500  best=-202.261 eV  minima=231  elapsed=7016s
[ssw] trial 231/500  best=-202.261 eV  minima=232  elapsed=7067s
[ssw] trial 232/500  best=-202.261 eV  minima=233  elapsed=7095s
[ssw] trial 233/500  best=-202.261 eV  minima=234  elapsed=7107s
[ssw] trial 234/500  best=-202.261 eV  minima=235  elapsed=7159s
[ssw] trial 235/500  best=-202.261 eV  minima=236  elapsed=7212s
[ssw] trial 236/500  best=-202.261 eV  minima=237  elapsed=7241s
[ssw] trial 237/500  best=-202.261 eV  minima=238  elapsed=7261s
[ssw] trial 238/500  best=-202.261 eV  minima=239  elapsed=7279s
[ssw] trial 239/500  best=-202.261 eV  minima=240  elapsed=7303s
[ssw] trial 240/500  best=-202.261 eV  minima=241  elapsed=7341s
[ssw] trial 241/500  best=-202.261 eV  minima=242  elapsed=7365s
[ssw] trial 242/500  best=-202.261 eV  minima=243  elapsed=7378s
[ssw] trial 243/500  best=-202.261 eV  minima=244  elapsed=7394s
[ssw] trial 244/500  best=-202.261 eV  minima=245  elapsed=7422s
[ssw] trial 245/500  best=-202.261 eV  minima=246  elapsed=7455s
[ssw] trial 246/500  best=-202.261 eV  minima=247  elapsed=7495s
[ssw] trial 247/500  best=-202.261 eV  minima=248  elapsed=7518s
[ssw] trial 248/500  best=-202.261 eV  minima=249  elapsed=7538s
[ssw] trial 249/500  best=-202.261 eV  minima=250  elapsed=7568s
[ssw] trial 250/500  best=-202.261 eV  minima=251  elapsed=7589s
[ssw] trial 251/500  best=-202.261 eV  minima=252  elapsed=7631s
[ssw] trial 252/500  best=-202.261 eV  minima=253  elapsed=7654s
[ssw] trial 253/500  best=-202.261 eV  minima=254  elapsed=7693s
[ssw] trial 254/500  best=-202.261 eV  minima=255  elapsed=7751s
[ssw] trial 255/500  best=-202.261 eV  minima=256  elapsed=7772s
[ssw] trial 256/500  best=-202.261 eV  minima=257  elapsed=7803s
[ssw] trial 257/500  best=-202.261 eV  minima=258  elapsed=7843s
[ssw] trial 258/500  best=-202.261 eV  minima=259  elapsed=7863s
[ssw] trial 259/500  best=-202.261 eV  minima=260  elapsed=7887s
[ssw] trial 260/500  best=-202.261 eV  minima=261  elapsed=7916s
[ssw] trial 261/500  best=-202.261 eV  minima=262  elapsed=7942s
[ssw] trial 262/500  best=-202.261 eV  minima=263  elapsed=7984s
[ssw] trial 263/500  best=-202.261 eV  minima=264  elapsed=7999s
[ssw] trial 264/500  best=-202.261 eV  minima=265  elapsed=8026s
[ssw] trial 265/500  best=-202.261 eV  minima=266  elapsed=8104s
[ssw] trial 266/500  best=-202.261 eV  minima=267  elapsed=8129s
[ssw] trial 267/500  best=-202.261 eV  minima=268  elapsed=8170s
[ssw] trial 268/500  best=-202.261 eV  minima=269  elapsed=8204s
[ssw] trial 269/500  best=-202.261 eV  minima=270  elapsed=8228s
[ssw] trial 270/500  best=-202.261 eV  minima=271  elapsed=8275s
[ssw] trial 271/500  best=-202.261 eV  minima=272  elapsed=8303s
[ssw] trial 272/500  best=-202.261 eV  minima=273  elapsed=8332s
[ssw] trial 273/500  best=-202.261 eV  minima=274  elapsed=8350s
[ssw] trial 274/500  best=-202.261 eV  minima=275  elapsed=8404s
[ssw] trial 275/500  best=-202.261 eV  minima=276  elapsed=8419s
[ssw] trial 276/500  best=-202.261 eV  minima=277  elapsed=8448s
[ssw] trial 277/500  best=-202.261 eV  minima=278  elapsed=8484s
[ssw] trial 278/500  best=-202.261 eV  minima=279  elapsed=8510s
[ssw] trial 279/500  best=-202.261 eV  minima=280  elapsed=8528s
[ssw] trial 280/500  best=-202.261 eV  minima=281  elapsed=8576s
[ssw] trial 281/500  best=-202.261 eV  minima=282  elapsed=8604s
[ssw] trial 282/500  best=-202.261 eV  minima=283  elapsed=8619s
[ssw] trial 283/500  best=-202.261 eV  minima=284  elapsed=8637s
[ssw] trial 284/500  best=-202.261 eV  minima=285  elapsed=8676s
[ssw] trial 285/500  best=-202.261 eV  minima=286  elapsed=8697s
[ssw] trial 286/500  best=-202.261 eV  minima=287  elapsed=8716s
[ssw] trial 287/500  best=-202.261 eV  minima=288  elapsed=8753s
[ssw] trial 288/500  best=-202.261 eV  minima=289  elapsed=8767s
[ssw] trial 289/500  best=-202.261 eV  minima=290  elapsed=8805s
[ssw] trial 290/500  best=-202.261 eV  minima=291  elapsed=8839s
[ssw] trial 291/500  best=-202.261 eV  minima=292  elapsed=8881s
[ssw] trial 292/500  best=-202.261 eV  minima=293  elapsed=8906s
[ssw] trial 293/500  best=-202.261 eV  minima=294  elapsed=8920s
[ssw] trial 294/500  best=-202.261 eV  minima=295  elapsed=8945s
[ssw] trial 295/500  best=-202.261 eV  minima=296  elapsed=8956s
[ssw] trial 296/500  best=-202.261 eV  minima=297  elapsed=8991s
[ssw] trial 297/500  best=-202.261 eV  minima=298  elapsed=9024s
[ssw] trial 298/500  best=-202.261 eV  minima=299  elapsed=9037s
[ssw] trial 299/500  best=-202.261 eV  minima=300  elapsed=9085s
[ssw] trial 300/500  best=-202.261 eV  minima=301  elapsed=9110s
[ssw] trial 301/500  best=-202.261 eV  minima=302  elapsed=9132s
[ssw] trial 302/500  best=-202.261 eV  minima=303  elapsed=9152s
[ssw] trial 303/500  best=-202.261 eV  minima=304  elapsed=9184s
[ssw] trial 304/500  best=-202.261 eV  minima=305  elapsed=9205s
[ssw] trial 305/500  best=-202.261 eV  minima=306  elapsed=9263s
[ssw] trial 306/500  best=-202.261 eV  minima=307  elapsed=9316s
[ssw] trial 307/500  best=-202.261 eV  minima=308  elapsed=9337s
[ssw] trial 308/500  best=-202.261 eV  minima=309  elapsed=9358s
[ssw] trial 309/500  best=-202.261 eV  minima=310  elapsed=9382s
[ssw] trial 310/500  best=-202.261 eV  minima=311  elapsed=9397s
[ssw] trial 311/500  best=-202.261 eV  minima=312  elapsed=9427s
[ssw] trial 312/500  best=-202.261 eV  minima=313  elapsed=9454s
[ssw] trial 313/500  best=-202.261 eV  minima=314  elapsed=9476s
[ssw] trial 314/500  best=-202.261 eV  minima=315  elapsed=9527s
[ssw] trial 315/500  best=-202.261 eV  minima=316  elapsed=9542s
[ssw] trial 316/500  best=-202.261 eV  minima=317  elapsed=9572s
[ssw] trial 317/500  best=-202.261 eV  minima=318  elapsed=9595s
[ssw] trial 318/500  best=-202.261 eV  minima=319  elapsed=9622s
[ssw] trial 319/500  best=-202.261 eV  minima=319  elapsed=9635s
[ssw] trial 320/500  best=-202.261 eV  minima=320  elapsed=9656s
[ssw] trial 321/500  best=-202.261 eV  minima=321  elapsed=9683s
[ssw] trial 322/500  best=-202.261 eV  minima=322  elapsed=9729s
[ssw] trial 323/500  best=-202.261 eV  minima=323  elapsed=9752s
[ssw] trial 324/500  best=-202.261 eV  minima=324  elapsed=9772s
[ssw] trial 325/500  best=-202.261 eV  minima=325  elapsed=9826s
[ssw] trial 326/500  best=-202.261 eV  minima=326  elapsed=9865s
[ssw] trial 327/500  best=-202.261 eV  minima=327  elapsed=9911s
[ssw] trial 328/500  best=-202.261 eV  minima=328  elapsed=9926s
[ssw] trial 329/500  best=-202.261 eV  minima=329  elapsed=9954s
[ssw] trial 330/500  best=-202.261 eV  minima=330  elapsed=10008s
[ssw] trial 331/500  best=-202.261 eV  minima=331  elapsed=10045s
[ssw] trial 332/500  best=-202.261 eV  minima=332  elapsed=10084s
[ssw] trial 333/500  best=-202.261 eV  minima=333  elapsed=10098s
[ssw] trial 334/500  best=-202.261 eV  minima=334  elapsed=10149s
[ssw] trial 335/500  best=-202.261 eV  minima=335  elapsed=10169s
[ssw] trial 336/500  best=-202.261 eV  minima=336  elapsed=10206s
[ssw] trial 337/500  best=-202.261 eV  minima=337  elapsed=10250s
[ssw] trial 338/500  best=-202.261 eV  minima=338  elapsed=10266s
[ssw] trial 339/500  best=-202.261 eV  minima=339  elapsed=10275s
[ssw] trial 340/500  best=-202.261 eV  minima=340  elapsed=10296s
[ssw] trial 341/500  best=-202.261 eV  minima=341  elapsed=10314s
[ssw] trial 342/500  best=-202.261 eV  minima=342  elapsed=10370s
[ssw] trial 343/500  best=-202.261 eV  minima=343  elapsed=10406s
[ssw] trial 344/500  best=-202.261 eV  minima=344  elapsed=10433s
[ssw] trial 345/500  best=-202.261 eV  minima=345  elapsed=10458s
[ssw] trial 346/500  best=-202.261 eV  minima=346  elapsed=10504s
[ssw] trial 347/500  best=-202.261 eV  minima=347  elapsed=10529s
[ssw] trial 348/500  best=-202.261 eV  minima=348  elapsed=10552s
[ssw] trial 349/500  best=-202.261 eV  minima=349  elapsed=10575s
[ssw] trial 350/500  best=-202.261 eV  minima=350  elapsed=10596s
[ssw] trial 351/500  best=-202.261 eV  minima=351  elapsed=10639s
[ssw] trial 352/500  best=-202.261 eV  minima=352  elapsed=10688s
[ssw] trial 353/500  best=-202.261 eV  minima=353  elapsed=10710s
[ssw] trial 354/500  best=-202.261 eV  minima=354  elapsed=10736s
[ssw] trial 355/500  best=-202.261 eV  minima=355  elapsed=10766s
[ssw] trial 356/500  best=-202.261 eV  minima=356  elapsed=10803s
[ssw] trial 357/500  best=-202.261 eV  minima=357  elapsed=10835s
[ssw] trial 358/500  best=-202.261 eV  minima=358  elapsed=10861s
[ssw] trial 359/500  best=-202.261 eV  minima=359  elapsed=10883s
[ssw] trial 360/500  best=-202.261 eV  minima=360  elapsed=10911s
[ssw] trial 361/500  best=-202.261 eV  minima=361  elapsed=10960s
[ssw] trial 362/500  best=-202.261 eV  minima=362  elapsed=11003s
[ssw] trial 363/500  best=-202.261 eV  minima=363  elapsed=11016s
[ssw] trial 364/500  best=-202.261 eV  minima=364  elapsed=11061s
[ssw] trial 365/500  best=-202.261 eV  minima=365  elapsed=11091s
[ssw] trial 366/500  best=-202.261 eV  minima=366  elapsed=11131s
[ssw] trial 367/500  best=-202.261 eV  minima=367  elapsed=11168s
[ssw] trial 368/500  best=-202.261 eV  minima=368  elapsed=11205s
[ssw] trial 369/500  best=-202.261 eV  minima=369  elapsed=11262s
[ssw] trial 370/500  best=-202.261 eV  minima=370  elapsed=11282s
[ssw] trial 371/500  best=-202.261 eV  minima=371  elapsed=11309s
[ssw] trial 372/500  best=-202.261 eV  minima=372  elapsed=11324s
[ssw] trial 373/500  best=-202.261 eV  minima=373  elapsed=11362s
[ssw] trial 374/500  best=-202.261 eV  minima=374  elapsed=11401s
[ssw] trial 375/500  best=-202.261 eV  minima=375  elapsed=11419s
[ssw] trial 376/500  best=-202.261 eV  minima=376  elapsed=11460s
[ssw] trial 377/500  best=-202.261 eV  minima=377  elapsed=11474s
[ssw] trial 378/500  best=-202.261 eV  minima=378  elapsed=11498s
[ssw] trial 379/500  best=-202.261 eV  minima=379  elapsed=11560s
[ssw] trial 380/500  best=-202.261 eV  minima=380  elapsed=11579s
[ssw] trial 381/500  best=-202.261 eV  minima=381  elapsed=11602s
[ssw] trial 382/500  best=-202.261 eV  minima=382  elapsed=11681s
[ssw] trial 383/500  best=-202.261 eV  minima=383  elapsed=11718s
[ssw] trial 384/500  best=-202.261 eV  minima=384  elapsed=11768s
[ssw] trial 385/500  best=-202.261 eV  minima=385  elapsed=11794s
[ssw] trial 386/500  best=-202.261 eV  minima=386  elapsed=11856s
[ssw] trial 387/500  best=-202.261 eV  minima=387  elapsed=11908s
[ssw] trial 388/500  best=-202.261 eV  minima=388  elapsed=11937s
[ssw] trial 389/500  best=-202.261 eV  minima=389  elapsed=11971s
[ssw] trial 390/500  best=-202.261 eV  minima=390  elapsed=12024s
[ssw] trial 391/500  best=-202.261 eV  minima=391  elapsed=12050s
[ssw] trial 392/500  best=-202.261 eV  minima=392  elapsed=12108s
[ssw] trial 393/500  best=-202.261 eV  minima=393  elapsed=12123s
[ssw] trial 394/500  best=-202.261 eV  minima=394  elapsed=12169s
[ssw] trial 395/500  best=-202.261 eV  minima=395  elapsed=12195s
[ssw] trial 396/500  best=-202.261 eV  minima=396  elapsed=12226s
[ssw] trial 397/500  best=-202.261 eV  minima=397  elapsed=12265s
[ssw] trial 398/500  best=-202.261 eV  minima=398  elapsed=12303s
[ssw] trial 399/500  best=-202.261 eV  minima=399  elapsed=12350s
[ssw] trial 400/500  best=-202.261 eV  minima=400  elapsed=12383s
[ssw] trial 401/500  best=-202.261 eV  minima=401  elapsed=12453s
[ssw] trial 402/500  best=-202.261 eV  minima=402  elapsed=12468s
[ssw] trial 403/500  best=-202.261 eV  minima=403  elapsed=12496s
[ssw] trial 404/500  best=-202.261 eV  minima=404  elapsed=12531s
[ssw] trial 405/500  best=-202.261 eV  minima=405  elapsed=12579s
[ssw] trial 406/500  best=-202.261 eV  minima=406  elapsed=12640s
[ssw] trial 407/500  best=-202.261 eV  minima=407  elapsed=12655s
[ssw] trial 408/500  best=-202.261 eV  minima=408  elapsed=12695s
[ssw] trial 409/500  best=-202.261 eV  minima=409  elapsed=12719s
[ssw] trial 410/500  best=-202.261 eV  minima=410  elapsed=12745s
[ssw] trial 411/500  best=-202.261 eV  minima=411  elapsed=12783s
[ssw] trial 412/500  best=-202.261 eV  minima=412  elapsed=12819s
[ssw] trial 413/500  best=-202.261 eV  minima=413  elapsed=12837s
[ssw] trial 414/500  best=-202.261 eV  minima=414  elapsed=12856s
[ssw] trial 415/500  best=-202.261 eV  minima=415  elapsed=12894s
[ssw] trial 416/500  best=-202.261 eV  minima=416  elapsed=12924s
[ssw] trial 417/500  best=-202.261 eV  minima=417  elapsed=12956s
[ssw] trial 418/500  best=-202.261 eV  minima=418  elapsed=12987s
[ssw] trial 419/500  best=-202.261 eV  minima=419  elapsed=13007s
[ssw] trial 420/500  best=-202.261 eV  minima=420  elapsed=13032s
[ssw] trial 421/500  best=-202.261 eV  minima=421  elapsed=13072s
[ssw] trial 422/500  best=-202.261 eV  minima=422  elapsed=13090s
[ssw] trial 423/500  best=-202.261 eV  minima=423  elapsed=13122s
[ssw] trial 424/500  best=-202.261 eV  minima=424  elapsed=13148s
[ssw] trial 425/500  best=-202.261 eV  minima=425  elapsed=13164s
[ssw] trial 426/500  best=-202.261 eV  minima=426  elapsed=13215s
[ssw] trial 427/500  best=-202.261 eV  minima=427  elapsed=13240s
[ssw] trial 428/500  best=-202.261 eV  minima=428  elapsed=13269s
[ssw] trial 429/500  best=-202.261 eV  minima=429  elapsed=13293s
[ssw] trial 430/500  best=-202.261 eV  minima=430  elapsed=13315s
[ssw] trial 431/500  best=-202.261 eV  minima=431  elapsed=13357s
[ssw] trial 432/500  best=-202.261 eV  minima=432  elapsed=13380s
[ssw] trial 433/500  best=-202.261 eV  minima=433  elapsed=13428s
[ssw] trial 434/500  best=-202.261 eV  minima=434  elapsed=13470s
[ssw] trial 435/500  best=-202.261 eV  minima=435  elapsed=13525s
[ssw] trial 436/500  best=-202.261 eV  minima=436  elapsed=13545s
[ssw] trial 437/500  best=-202.261 eV  minima=437  elapsed=13616s
[ssw] trial 438/500  best=-202.261 eV  minima=438  elapsed=13648s
[ssw] trial 439/500  best=-202.261 eV  minima=439  elapsed=13713s
[ssw] trial 440/500  best=-202.261 eV  minima=440  elapsed=13741s
[ssw] trial 441/500  best=-202.261 eV  minima=441  elapsed=13763s
[ssw] trial 442/500  best=-202.261 eV  minima=442  elapsed=13802s
[ssw] trial 443/500  best=-202.261 eV  minima=443  elapsed=13839s
[ssw] trial 444/500  best=-202.261 eV  minima=444  elapsed=13851s
[ssw] trial 445/500  best=-202.261 eV  minima=445  elapsed=13892s
[ssw] trial 446/500  best=-202.261 eV  minima=446  elapsed=13915s
[ssw] trial 447/500  best=-202.261 eV  minima=447  elapsed=13935s
[ssw] trial 448/500  best=-202.261 eV  minima=448  elapsed=13981s
[ssw] trial 449/500  best=-202.261 eV  minima=449  elapsed=14013s
[ssw] trial 450/500  best=-202.261 eV  minima=450  elapsed=14068s
[ssw] trial 451/500  best=-202.261 eV  minima=451  elapsed=14083s
[ssw] trial 452/500  best=-202.261 eV  minima=452  elapsed=14115s
[ssw] trial 453/500  best=-202.261 eV  minima=453  elapsed=14152s
[ssw] trial 454/500  best=-202.261 eV  minima=454  elapsed=14181s
[ssw] trial 455/500  best=-202.261 eV  minima=455  elapsed=14200s
[ssw] trial 456/500  best=-202.261 eV  minima=456  elapsed=14211s
[ssw] trial 457/500  best=-202.261 eV  minima=457  elapsed=14238s
[ssw] trial 458/500  best=-202.261 eV  minima=458  elapsed=14263s
[ssw] trial 459/500  best=-202.261 eV  minima=459  elapsed=14317s
[ssw] trial 460/500  best=-202.261 eV  minima=460  elapsed=14361s
[ssw] trial 461/500  best=-202.261 eV  minima=461  elapsed=14376s
[ssw] trial 462/500  best=-202.261 eV  minima=462  elapsed=14398s
[ssw] trial 463/500  best=-202.261 eV  minima=463  elapsed=14424s
[ssw] trial 464/500  best=-202.261 eV  minima=464  elapsed=14465s
[ssw] trial 465/500  best=-202.261 eV  minima=465  elapsed=14491s
[ssw] trial 466/500  best=-202.261 eV  minima=466  elapsed=14511s
[ssw] trial 467/500  best=-202.261 eV  minima=467  elapsed=14537s
[ssw] trial 468/500  best=-202.261 eV  minima=468  elapsed=14557s
[ssw] trial 469/500  best=-202.261 eV  minima=469  elapsed=14614s
[ssw] trial 470/500  best=-202.261 eV  minima=470  elapsed=14646s
[ssw] trial 471/500  best=-202.261 eV  minima=471  elapsed=14688s
[ssw] trial 472/500  best=-202.261 eV  minima=472  elapsed=14712s
[ssw] trial 473/500  best=-202.261 eV  minima=473  elapsed=14760s
[ssw] trial 474/500  best=-202.261 eV  minima=474  elapsed=14775s
[ssw] trial 475/500  best=-202.261 eV  minima=475  elapsed=14812s
[ssw] trial 476/500  best=-202.261 eV  minima=476  elapsed=14838s
[ssw] trial 477/500  best=-202.261 eV  minima=477  elapsed=14864s
[ssw] trial 478/500  best=-202.261 eV  minima=478  elapsed=14909s
[ssw] trial 479/500  best=-202.261 eV  minima=479  elapsed=14940s
[ssw] trial 480/500  best=-202.261 eV  minima=480  elapsed=14968s
[ssw] trial 481/500  best=-202.261 eV  minima=481  elapsed=15003s
[ssw] trial 482/500  best=-202.261 eV  minima=482  elapsed=15047s
[ssw] trial 483/500  best=-202.261 eV  minima=483  elapsed=15066s
[ssw] trial 484/500  best=-202.261 eV  minima=484  elapsed=15130s
[ssw] trial 485/500  best=-202.261 eV  minima=485  elapsed=15165s
[ssw] trial 486/500  best=-202.261 eV  minima=486  elapsed=15183s
[ssw] trial 487/500  best=-202.261 eV  minima=487  elapsed=15236s
[ssw] trial 488/500  best=-202.261 eV  minima=488  elapsed=15273s
[ssw] trial 489/500  best=-202.261 eV  minima=489  elapsed=15303s
[ssw] trial 490/500  best=-202.261 eV  minima=490  elapsed=15351s
[ssw] trial 491/500  best=-202.261 eV  minima=491  elapsed=15382s
[ssw] trial 492/500  best=-202.261 eV  minima=492  elapsed=15410s
[ssw] trial 493/500  best=-202.261 eV  minima=493  elapsed=15426s
[ssw] trial 494/500  best=-202.261 eV  minima=494  elapsed=15482s
[ssw] trial 495/500  best=-202.261 eV  minima=495  elapsed=15522s
[ssw] trial 496/500  best=-202.261 eV  minima=496  elapsed=15543s
[ssw] trial 497/500  best=-202.261 eV  minima=497  elapsed=15581s
[ssw] trial 498/500  best=-202.261 eV  minima=498  elapsed=15602s
[ssw] trial 499/500  best=-202.261 eV  minima=499  elapsed=15652s
[ssw] trial 500/500  best=-202.261 eV  minima=500  elapsed=15681s
[ssw] done: 500 trials, 500 minima, best=-202.261 eV, elapsed=15681s
/root/bin/mace-0.3.14/mace/calculators/mace.py:199: UserWarning: Environment variable TORCH_FORCE_NO_WEIGHTS_ONLY_LOAD detected, since the`weights_only` argument was not explicitly passed to `torch.load`, forcing weights_only=False.
  torch.load(f=model_path, map_location=device)
/root/bin/mace-0.3.14/mace/modules/models.py:509: FutureWarning: `torch.cuda.amp.autocast(args...)` is deprecated. Please use `torch.amp.autocast('cuda', args...)` instead.
  with autocast(enabled=use_amp, dtype=torch.bfloat16):
Using head Default out of ['pt_head', 'Default']
Default dtype float32 does not match model dtype float64, converting models to float32.
Setting inference mode to: enable_amp = False
[ssw] starting 500 trials...
[ssw] trial 1/500  best=-201.043 eV  minima=2  elapsed=12s
[ssw] trial 2/500  best=-201.143 eV  minima=3  elapsed=23s
[ssw] trial 3/500  best=-201.143 eV  minima=3  elapsed=32s
[ssw] trial 4/500  best=-201.143 eV  minima=3  elapsed=42s
[ssw] trial 5/500  best=-201.143 eV  minima=4  elapsed=51s
[ssw] trial 6/500  best=-201.143 eV  minima=5  elapsed=60s
[ssw] trial 7/500  best=-201.770 eV  minima=6  elapsed=70s
[ssw] trial 8/500  best=-201.770 eV  minima=7  elapsed=81s
[ssw] trial 9/500  best=-201.770 eV  minima=8  elapsed=92s
[ssw] trial 10/500  best=-201.770 eV  minima=8  elapsed=103s
[ssw] trial 11/500  best=-201.770 eV  minima=9  elapsed=113s
[ssw] trial 12/500  best=-201.770 eV  minima=10  elapsed=123s
[ssw] trial 13/500  best=-201.894 eV  minima=11  elapsed=134s
[ssw] trial 14/500  best=-201.894 eV  minima=11  elapsed=145s
[ssw] trial 15/500  best=-201.894 eV  minima=12  elapsed=155s
[ssw] trial 16/500  best=-201.894 eV  minima=13  elapsed=165s
[ssw] trial 17/500  best=-201.894 eV  minima=13  elapsed=176s
[ssw] trial 18/500  best=-201.938 eV  minima=14  elapsed=185s
[ssw] trial 19/500  best=-201.938 eV  minima=14  elapsed=195s
[ssw] trial 20/500  best=-201.938 eV  minima=15  elapsed=204s
[ssw] trial 21/500  best=-201.938 eV  minima=16  elapsed=214s
[ssw] trial 22/500  best=-201.938 eV  minima=16  elapsed=224s
[ssw] trial 23/500  best=-201.938 eV  minima=16  elapsed=234s
[ssw] trial 24/500  best=-201.938 eV  minima=16  elapsed=246s
[ssw] trial 25/500  best=-201.938 eV  minima=16  elapsed=256s
[ssw] trial 26/500  best=-201.938 eV  minima=17  elapsed=267s
[ssw] trial 27/500  best=-201.938 eV  minima=17  elapsed=276s
[ssw] trial 28/500  best=-201.938 eV  minima=18  elapsed=286s
[ssw] trial 29/500  best=-201.938 eV  minima=19  elapsed=295s
[ssw] trial 30/500  best=-201.938 eV  minima=20  elapsed=307s
[ssw] trial 31/500  best=-201.938 eV  minima=21  elapsed=316s
[ssw] trial 32/500  best=-201.938 eV  minima=22  elapsed=326s
[ssw] trial 33/500  best=-201.938 eV  minima=22  elapsed=328s
[ssw] trial 34/500  best=-201.938 eV  minima=23  elapsed=338s
[ssw] trial 35/500  best=-201.938 eV  minima=24  elapsed=347s
[ssw] trial 36/500  best=-201.938 eV  minima=25  elapsed=357s
[ssw] trial 37/500  best=-201.938 eV  minima=25  elapsed=369s
[ssw] trial 38/500  best=-201.938 eV  minima=26  elapsed=380s
[ssw] trial 39/500  best=-201.938 eV  minima=27  elapsed=389s
[ssw] trial 40/500  best=-201.938 eV  minima=27  elapsed=401s
[ssw] trial 41/500  best=-201.938 eV  minima=28  elapsed=410s
[ssw] trial 42/500  best=-201.938 eV  minima=28  elapsed=421s
[ssw] trial 43/500  best=-201.938 eV  minima=29  elapsed=432s
[ssw] trial 44/500  best=-201.938 eV  minima=30  elapsed=442s
[ssw] trial 45/500  best=-201.938 eV  minima=31  elapsed=452s
[ssw] trial 46/500  best=-201.938 eV  minima=31  elapsed=462s
[ssw] trial 47/500  best=-201.938 eV  minima=32  elapsed=473s
[ssw] trial 48/500  best=-202.139 eV  minima=33  elapsed=483s
[ssw] trial 49/500  best=-202.139 eV  minima=33  elapsed=485s
[ssw] trial 50/500  best=-202.139 eV  minima=34  elapsed=495s
[ssw] trial 51/500  best=-202.139 eV  minima=35  elapsed=504s
[ssw] trial 52/500  best=-202.139 eV  minima=36  elapsed=513s
[ssw] trial 53/500  best=-202.139 eV  minima=37  elapsed=524s
[ssw] trial 54/500  best=-202.139 eV  minima=38  elapsed=534s
[ssw] trial 55/500  best=-202.139 eV  minima=39  elapsed=545s
[ssw] trial 56/500  best=-202.139 eV  minima=39  elapsed=555s
[ssw] trial 57/500  best=-202.139 eV  minima=40  elapsed=566s
[ssw] trial 58/500  best=-202.139 eV  minima=40  elapsed=571s
[ssw] trial 59/500  best=-202.139 eV  minima=40  elapsed=581s
[ssw] trial 60/500  best=-202.139 eV  minima=40  elapsed=591s
[ssw] trial 61/500  best=-202.139 eV  minima=40  elapsed=601s
[ssw] trial 62/500  best=-202.139 eV  minima=41  elapsed=611s
[ssw] trial 63/500  best=-202.139 eV  minima=42  elapsed=621s
[ssw] trial 64/500  best=-202.139 eV  minima=43  elapsed=630s
[ssw] trial 65/500  best=-202.139 eV  minima=44  elapsed=639s
[ssw] trial 66/500  best=-202.139 eV  minima=45  elapsed=649s
[ssw] trial 67/500  best=-202.139 eV  minima=46  elapsed=659s
[ssw] trial 68/500  best=-202.139 eV  minima=46  elapsed=670s
[ssw] trial 69/500  best=-202.139 eV  minima=46  elapsed=680s
[ssw] trial 70/500  best=-202.139 eV  minima=47  elapsed=693s
[ssw] trial 71/500  best=-202.139 eV  minima=48  elapsed=704s
[ssw] trial 72/500  best=-202.139 eV  minima=49  elapsed=713s
[ssw] trial 73/500  best=-202.139 eV  minima=49  elapsed=723s
[ssw] trial 74/500  best=-202.139 eV  minima=50  elapsed=733s
[ssw] trial 75/500  best=-202.139 eV  minima=51  elapsed=743s
[ssw] trial 76/500  best=-202.139 eV  minima=51  elapsed=752s
[ssw] trial 77/500  best=-202.139 eV  minima=52  elapsed=762s
[ssw] trial 78/500  best=-202.139 eV  minima=52  elapsed=772s
[ssw] trial 79/500  best=-202.139 eV  minima=53  elapsed=782s
[ssw] trial 80/500  best=-202.139 eV  minima=53  elapsed=793s
[ssw] trial 81/500  best=-202.139 eV  minima=54  elapsed=795s
[ssw] trial 82/500  best=-202.139 eV  minima=54  elapsed=806s
[ssw] trial 83/500  best=-202.139 eV  minima=55  elapsed=816s
[ssw] trial 84/500  best=-202.139 eV  minima=56  elapsed=825s
[ssw] trial 85/500  best=-202.139 eV  minima=57  elapsed=836s
[ssw] trial 86/500  best=-202.139 eV  minima=57  elapsed=845s
[ssw] trial 87/500  best=-202.139 eV  minima=57  elapsed=856s
[ssw] trial 88/500  best=-202.139 eV  minima=57  elapsed=858s
[ssw] trial 89/500  best=-202.139 eV  minima=58  elapsed=868s
[ssw] trial 90/500  best=-202.139 eV  minima=59  elapsed=879s
[ssw] trial 91/500  best=-202.139 eV  minima=59  elapsed=890s
[ssw] trial 92/500  best=-202.139 eV  minima=60  elapsed=899s
[ssw] trial 93/500  best=-202.139 eV  minima=61  elapsed=910s
[ssw] trial 94/500  best=-202.139 eV  minima=62  elapsed=919s
[ssw] trial 95/500  best=-202.139 eV  minima=63  elapsed=929s
[ssw] trial 96/500  best=-202.139 eV  minima=63  elapsed=940s
[ssw] trial 97/500  best=-202.139 eV  minima=63  elapsed=950s
[ssw] trial 98/500  best=-202.139 eV  minima=64  elapsed=960s
[ssw] trial 99/500  best=-202.139 eV  minima=65  elapsed=970s
[ssw] trial 100/500  best=-202.139 eV  minima=65  elapsed=979s
[ssw] trial 101/500  best=-202.139 eV  minima=65  elapsed=991s
[ssw] trial 102/500  best=-202.139 eV  minima=65  elapsed=1000s
[ssw] trial 103/500  best=-202.139 eV  minima=65  elapsed=1002s
[ssw] trial 104/500  best=-202.139 eV  minima=65  elapsed=1014s
[ssw] trial 105/500  best=-202.139 eV  minima=66  elapsed=1023s
[ssw] trial 106/500  best=-202.139 eV  minima=66  elapsed=1033s
[ssw] trial 107/500  best=-202.139 eV  minima=66  elapsed=1043s
[ssw] trial 108/500  best=-202.139 eV  minima=66  elapsed=1052s
[ssw] trial 109/500  best=-202.139 eV  minima=67  elapsed=1062s
[ssw] trial 110/500  best=-202.139 eV  minima=68  elapsed=1074s
[ssw] trial 111/500  best=-202.139 eV  minima=69  elapsed=1083s
[ssw] trial 112/500  best=-202.139 eV  minima=69  elapsed=1095s
[ssw] trial 113/500  best=-202.139 eV  minima=69  elapsed=1098s
[ssw] trial 114/500  best=-202.139 eV  minima=70  elapsed=1109s
[ssw] trial 115/500  best=-202.139 eV  minima=71  elapsed=1120s
[ssw] trial 116/500  best=-202.139 eV  minima=72  elapsed=1123s
[ssw] trial 117/500  best=-202.139 eV  minima=73  elapsed=1132s
[ssw] trial 118/500  best=-202.139 eV  minima=74  elapsed=1143s
[ssw] trial 119/500  best=-202.139 eV  minima=75  elapsed=1152s
[ssw] trial 120/500  best=-202.139 eV  minima=76  elapsed=1162s
[ssw] trial 121/500  best=-202.139 eV  minima=77  elapsed=1172s
[ssw] trial 122/500  best=-202.139 eV  minima=77  elapsed=1181s
[ssw] trial 123/500  best=-202.139 eV  minima=77  elapsed=1192s
[ssw] trial 124/500  best=-202.139 eV  minima=77  elapsed=1202s
[ssw] trial 125/500  best=-202.139 eV  minima=78  elapsed=1212s
[ssw] trial 126/500  best=-202.139 eV  minima=79  elapsed=1222s
[ssw] trial 127/500  best=-202.139 eV  minima=79  elapsed=1232s
[ssw] trial 128/500  best=-202.139 eV  minima=80  elapsed=1243s
[ssw] trial 129/500  best=-202.139 eV  minima=81  elapsed=1253s
[ssw] trial 130/500  best=-202.139 eV  minima=82  elapsed=1264s
[ssw] trial 131/500  best=-202.139 eV  minima=83  elapsed=1266s
[ssw] trial 132/500  best=-202.139 eV  minima=84  elapsed=1276s
[ssw] trial 133/500  best=-202.139 eV  minima=85  elapsed=1285s
[ssw] trial 134/500  best=-202.139 eV  minima=86  elapsed=1296s
[ssw] trial 135/500  best=-202.139 eV  minima=87  elapsed=1305s
[ssw] trial 136/500  best=-202.139 eV  minima=87  elapsed=1314s
[ssw] trial 137/500  best=-202.139 eV  minima=87  elapsed=1325s
[ssw] trial 138/500  best=-202.139 eV  minima=88  elapsed=1328s
[ssw] trial 139/500  best=-202.139 eV  minima=89  elapsed=1338s
[ssw] trial 140/500  best=-202.139 eV  minima=89  elapsed=1347s
[ssw] trial 141/500  best=-202.139 eV  minima=90  elapsed=1350s
[ssw] trial 142/500  best=-202.139 eV  minima=90  elapsed=1361s
[ssw] trial 143/500  best=-202.139 eV  minima=91  elapsed=1370s
[ssw] trial 144/500  best=-202.139 eV  minima=92  elapsed=1379s
[ssw] trial 145/500  best=-202.139 eV  minima=93  elapsed=1390s
[ssw] trial 146/500  best=-202.139 eV  minima=94  elapsed=1401s
[ssw] trial 147/500  best=-202.139 eV  minima=94  elapsed=1412s
[ssw] trial 148/500  best=-202.139 eV  minima=95  elapsed=1421s
[ssw] trial 149/500  best=-202.139 eV  minima=96  elapsed=1432s
[ssw] trial 150/500  best=-202.139 eV  minima=97  elapsed=1442s
[ssw] trial 151/500  best=-202.139 eV  minima=97  elapsed=1445s
[ssw] trial 152/500  best=-202.139 eV  minima=97  elapsed=1454s
[ssw] trial 153/500  best=-202.139 eV  minima=98  elapsed=1464s
[ssw] trial 154/500  best=-202.139 eV  minima=99  elapsed=1476s
[ssw] trial 155/500  best=-202.139 eV  minima=99  elapsed=1486s
[ssw] trial 156/500  best=-202.139 eV  minima=99  elapsed=1497s
[ssw] trial 157/500  best=-202.139 eV  minima=100  elapsed=1507s
[ssw] trial 158/500  best=-202.139 eV  minima=101  elapsed=1517s
[ssw] trial 159/500  best=-202.139 eV  minima=102  elapsed=1527s
[ssw] trial 160/500  best=-202.139 eV  minima=102  elapsed=1537s
[ssw] trial 161/500  best=-202.139 eV  minima=103  elapsed=1548s
[ssw] trial 162/500  best=-202.139 eV  minima=104  elapsed=1557s
[ssw] trial 163/500  best=-202.139 eV  minima=105  elapsed=1566s
[ssw] trial 164/500  best=-202.139 eV  minima=106  elapsed=1578s
[ssw] trial 165/500  best=-202.139 eV  minima=107  elapsed=1588s
[ssw] trial 166/500  best=-202.139 eV  minima=107  elapsed=1591s
[ssw] trial 167/500  best=-202.139 eV  minima=108  elapsed=1601s
[ssw] trial 168/500  best=-202.139 eV  minima=109  elapsed=1610s
[ssw] trial 169/500  best=-202.139 eV  minima=110  elapsed=1621s
[ssw] trial 170/500  best=-202.139 eV  minima=111  elapsed=1630s
[ssw] trial 171/500  best=-202.139 eV  minima=112  elapsed=1640s
[ssw] trial 172/500  best=-202.139 eV  minima=113  elapsed=1650s
[ssw] trial 173/500  best=-202.139 eV  minima=114  elapsed=1661s
[ssw] trial 174/500  best=-202.139 eV  minima=115  elapsed=1672s
[ssw] trial 175/500  best=-202.139 eV  minima=115  elapsed=1683s
[ssw] trial 176/500  best=-202.139 eV  minima=115  elapsed=1694s
[ssw] trial 177/500  best=-202.139 eV  minima=116  elapsed=1696s
[ssw] trial 178/500  best=-202.139 eV  minima=116  elapsed=1708s
[ssw] trial 179/500  best=-202.139 eV  minima=117  elapsed=1718s
[ssw] trial 180/500  best=-202.139 eV  minima=118  elapsed=1727s
[ssw] trial 181/500  best=-202.139 eV  minima=118  elapsed=1737s
[ssw] trial 182/500  best=-202.139 eV  minima=118  elapsed=1749s
[ssw] trial 183/500  best=-202.139 eV  minima=118  elapsed=1761s
[ssw] trial 184/500  best=-202.139 eV  minima=119  elapsed=1772s
[ssw] trial 185/500  best=-202.139 eV  minima=120  elapsed=1778s
[ssw] trial 186/500  best=-202.139 eV  minima=120  elapsed=1788s
[ssw] trial 187/500  best=-202.139 eV  minima=121  elapsed=1799s
[ssw] trial 188/500  best=-202.139 eV  minima=121  elapsed=1809s
[ssw] trial 189/500  best=-202.139 eV  minima=122  elapsed=1812s
[ssw] trial 190/500  best=-202.139 eV  minima=122  elapsed=1823s
[ssw] trial 191/500  best=-202.139 eV  minima=123  elapsed=1834s
[ssw] trial 192/500  best=-202.139 eV  minima=124  elapsed=1843s
[ssw] trial 193/500  best=-202.139 eV  minima=125  elapsed=1853s
[ssw] trial 194/500  best=-202.139 eV  minima=126  elapsed=1863s
[ssw] trial 195/500  best=-202.139 eV  minima=127  elapsed=1874s
[ssw] trial 196/500  best=-202.139 eV  minima=128  elapsed=1883s
[ssw] trial 197/500  best=-202.139 eV  minima=129  elapsed=1893s
[ssw] trial 198/500  best=-202.139 eV  minima=130  elapsed=1904s
[ssw] trial 199/500  best=-202.139 eV  minima=131  elapsed=1914s
[ssw] trial 200/500  best=-202.139 eV  minima=132  elapsed=1926s
[ssw] trial 201/500  best=-202.139 eV  minima=133  elapsed=1936s
[ssw] trial 202/500  best=-202.139 eV  minima=134  elapsed=1946s
[ssw] trial 203/500  best=-202.139 eV  minima=134  elapsed=1957s
[ssw] trial 204/500  best=-202.139 eV  minima=134  elapsed=1967s
[ssw] trial 205/500  best=-202.139 eV  minima=134  elapsed=1977s
[ssw] trial 206/500  best=-202.139 eV  minima=135  elapsed=1987s
[ssw] trial 207/500  best=-202.139 eV  minima=136  elapsed=1997s
[ssw] trial 208/500  best=-202.139 eV  minima=137  elapsed=2009s
[ssw] trial 209/500  best=-202.139 eV  minima=138  elapsed=2018s
[ssw] trial 210/500  best=-202.139 eV  minima=139  elapsed=2029s
[ssw] trial 211/500  best=-202.139 eV  minima=140  elapsed=2039s
[ssw] trial 212/500  best=-202.139 eV  minima=141  elapsed=2048s
[ssw] trial 213/500  best=-202.139 eV  minima=141  elapsed=2057s
[ssw] trial 214/500  best=-202.139 eV  minima=141  elapsed=2060s
[ssw] trial 215/500  best=-202.139 eV  minima=142  elapsed=2070s
[ssw] trial 216/500  best=-202.139 eV  minima=143  elapsed=2080s
[ssw] trial 217/500  best=-202.139 eV  minima=144  elapsed=2091s
[ssw] trial 218/500  best=-202.139 eV  minima=145  elapsed=2101s
[ssw] trial 219/500  best=-202.139 eV  minima=146  elapsed=2111s
[ssw] trial 220/500  best=-202.139 eV  minima=147  elapsed=2123s
[ssw] trial 221/500  best=-202.139 eV  minima=148  elapsed=2132s
[ssw] trial 222/500  best=-202.139 eV  minima=149  elapsed=2142s
[ssw] trial 223/500  best=-202.139 eV  minima=150  elapsed=2151s
[ssw] trial 224/500  best=-202.139 eV  minima=151  elapsed=2156s
[ssw] trial 225/500  best=-202.139 eV  minima=151  elapsed=2159s
[ssw] trial 226/500  best=-202.139 eV  minima=152  elapsed=2168s
[ssw] trial 227/500  best=-202.139 eV  minima=153  elapsed=2179s
[ssw] trial 228/500  best=-202.139 eV  minima=153  elapsed=2190s
[ssw] trial 229/500  best=-202.139 eV  minima=154  elapsed=2199s
[ssw] trial 230/500  best=-202.139 eV  minima=154  elapsed=2209s
[ssw] trial 231/500  best=-202.139 eV  minima=155  elapsed=2218s
[ssw] trial 232/500  best=-202.139 eV  minima=156  elapsed=2228s
[ssw] trial 233/500  best=-202.139 eV  minima=156  elapsed=2237s
[ssw] trial 234/500  best=-202.139 eV  minima=157  elapsed=2247s
[ssw] trial 235/500  best=-202.139 eV  minima=158  elapsed=2250s
[ssw] trial 236/500  best=-202.139 eV  minima=158  elapsed=2260s
[ssw] trial 237/500  best=-202.139 eV  minima=158  elapsed=2269s
[ssw] trial 238/500  best=-202.139 eV  minima=159  elapsed=2279s
[ssw] trial 239/500  best=-202.139 eV  minima=160  elapsed=2289s
[ssw] trial 240/500  best=-202.139 eV  minima=161  elapsed=2300s
[ssw] trial 241/500  best=-202.139 eV  minima=162  elapsed=2310s
[ssw] trial 242/500  best=-202.139 eV  minima=163  elapsed=2321s
[ssw] trial 243/500  best=-202.139 eV  minima=164  elapsed=2333s
[ssw] trial 244/500  best=-202.139 eV  minima=165  elapsed=2343s
[ssw] trial 245/500  best=-202.139 eV  minima=166  elapsed=2354s
[ssw] trial 246/500  best=-202.139 eV  minima=167  elapsed=2366s
[ssw] trial 247/500  best=-202.139 eV  minima=167  elapsed=2376s
[ssw] trial 248/500  best=-202.139 eV  minima=167  elapsed=2386s
[ssw] trial 249/500  best=-202.139 eV  minima=168  elapsed=2396s
[ssw] trial 250/500  best=-202.139 eV  minima=169  elapsed=2406s
[ssw] trial 251/500  best=-202.139 eV  minima=169  elapsed=2416s
[ssw] trial 252/500  best=-202.139 eV  minima=170  elapsed=2428s
[ssw] trial 253/500  best=-202.139 eV  minima=170  elapsed=2438s
[ssw] trial 254/500  best=-202.139 eV  minima=171  elapsed=2449s
[ssw] trial 255/500  best=-202.139 eV  minima=172  elapsed=2460s
[ssw] trial 256/500  best=-202.139 eV  minima=173  elapsed=2467s
[ssw] trial 257/500  best=-202.139 eV  minima=174  elapsed=2479s
[ssw] trial 258/500  best=-202.139 eV  minima=175  elapsed=2488s
[ssw] trial 259/500  best=-202.139 eV  minima=175  elapsed=2498s
[ssw] trial 260/500  best=-202.139 eV  minima=176  elapsed=2500s
[ssw] trial 261/500  best=-202.139 eV  minima=177  elapsed=2513s
[ssw] trial 262/500  best=-202.139 eV  minima=178  elapsed=2522s
[ssw] trial 263/500  best=-202.139 eV  minima=178  elapsed=2533s
[ssw] trial 264/500  best=-202.139 eV  minima=179  elapsed=2543s
[ssw] trial 265/500  best=-202.139 eV  minima=180  elapsed=2551s
[ssw] trial 266/500  best=-202.139 eV  minima=180  elapsed=2561s
[ssw] trial 267/500  best=-202.139 eV  minima=181  elapsed=2571s
[ssw] trial 268/500  best=-202.139 eV  minima=181  elapsed=2582s
[ssw] trial 269/500  best=-202.139 eV  minima=182  elapsed=2593s
[ssw] trial 270/500  best=-202.139 eV  minima=183  elapsed=2602s
[ssw] trial 271/500  best=-202.139 eV  minima=184  elapsed=2612s
[ssw] trial 272/500  best=-202.139 eV  minima=185  elapsed=2623s
[ssw] trial 273/500  best=-202.139 eV  minima=185  elapsed=2633s
[ssw] trial 274/500  best=-202.139 eV  minima=186  elapsed=2645s
[ssw] trial 275/500  best=-202.139 eV  minima=187  elapsed=2656s
[ssw] trial 276/500  best=-202.139 eV  minima=188  elapsed=2667s
[ssw] trial 277/500  best=-202.139 eV  minima=189  elapsed=2678s
[ssw] trial 278/500  best=-202.139 eV  minima=189  elapsed=2688s
[ssw] trial 279/500  best=-202.139 eV  minima=190  elapsed=2698s
[ssw] trial 280/500  best=-202.139 eV  minima=190  elapsed=2708s
[ssw] trial 281/500  best=-202.139 eV  minima=191  elapsed=2718s
[ssw] trial 282/500  best=-202.139 eV  minima=192  elapsed=2730s
[ssw] trial 283/500  best=-202.139 eV  minima=192  elapsed=2740s
[ssw] trial 284/500  best=-202.139 eV  minima=193  elapsed=2750s
[ssw] trial 285/500  best=-202.139 eV  minima=194  elapsed=2761s
[ssw] trial 286/500  best=-202.139 eV  minima=195  elapsed=2771s
[ssw] trial 287/500  best=-202.139 eV  minima=196  elapsed=2782s
[ssw] trial 288/500  best=-202.139 eV  minima=196  elapsed=2792s
[ssw] trial 289/500  best=-202.139 eV  minima=197  elapsed=2803s
[ssw] trial 290/500  best=-202.139 eV  minima=198  elapsed=2813s
[ssw] trial 291/500  best=-202.139 eV  minima=199  elapsed=2822s
[ssw] trial 292/500  best=-202.139 eV  minima=200  elapsed=2832s
[ssw] trial 293/500  best=-202.139 eV  minima=200  elapsed=2842s
[ssw] trial 294/500  best=-202.139 eV  minima=200  elapsed=2853s
[ssw] trial 295/500  best=-202.139 eV  minima=201  elapsed=2863s
[ssw] trial 296/500  best=-202.139 eV  minima=202  elapsed=2873s
[ssw] trial 297/500  best=-202.139 eV  minima=203  elapsed=2884s
[ssw] trial 298/500  best=-202.139 eV  minima=203  elapsed=2894s
[ssw] trial 299/500  best=-202.139 eV  minima=203  elapsed=2905s
[ssw] trial 300/500  best=-202.139 eV  minima=204  elapsed=2916s
[ssw] trial 301/500  best=-202.139 eV  minima=205  elapsed=2928s
[ssw] trial 302/500  best=-202.139 eV  minima=206  elapsed=2939s
[ssw] trial 303/500  best=-202.139 eV  minima=206  elapsed=2948s
[ssw] trial 304/500  best=-202.139 eV  minima=206  elapsed=2959s
[ssw] trial 305/500  best=-202.139 eV  minima=207  elapsed=2969s
[ssw] trial 306/500  best=-202.139 eV  minima=208  elapsed=2975s
[ssw] trial 307/500  best=-202.139 eV  minima=208  elapsed=2987s
[ssw] trial 308/500  best=-202.139 eV  minima=208  elapsed=2990s
[ssw] trial 309/500  best=-202.139 eV  minima=208  elapsed=3000s
[ssw] trial 310/500  best=-202.139 eV  minima=209  elapsed=3012s
[ssw] trial 311/500  best=-202.139 eV  minima=210  elapsed=3025s
[ssw] trial 312/500  best=-202.139 eV  minima=211  elapsed=3035s
[ssw] trial 313/500  best=-202.139 eV  minima=212  elapsed=3045s
[ssw] trial 314/500  best=-202.139 eV  minima=213  elapsed=3056s
[ssw] trial 315/500  best=-202.139 eV  minima=214  elapsed=3068s
[ssw] trial 316/500  best=-202.139 eV  minima=215  elapsed=3079s
[ssw] trial 317/500  best=-202.139 eV  minima=215  elapsed=3091s
[ssw] trial 318/500  best=-202.139 eV  minima=216  elapsed=3102s
[ssw] trial 319/500  best=-202.139 eV  minima=217  elapsed=3114s
[ssw] trial 320/500  best=-202.139 eV  minima=217  elapsed=3127s
[ssw] trial 321/500  best=-202.139 eV  minima=218  elapsed=3138s
[ssw] trial 322/500  best=-202.139 eV  minima=218  elapsed=3150s
[ssw] trial 323/500  best=-202.139 eV  minima=218  elapsed=3163s
[ssw] trial 324/500  best=-202.139 eV  minima=219  elapsed=3176s
[ssw] trial 325/500  best=-202.139 eV  minima=220  elapsed=3187s
[ssw] trial 326/500  best=-202.139 eV  minima=221  elapsed=3198s
[ssw] trial 327/500  best=-202.139 eV  minima=221  elapsed=3204s
[ssw] trial 328/500  best=-202.139 eV  minima=222  elapsed=3216s
[ssw] trial 329/500  best=-202.139 eV  minima=223  elapsed=3229s
[ssw] trial 330/500  best=-202.139 eV  minima=224  elapsed=3241s
[ssw] trial 331/500  best=-202.139 eV  minima=225  elapsed=3252s
[ssw] trial 332/500  best=-202.139 eV  minima=225  elapsed=3263s
[ssw] trial 333/500  best=-202.139 eV  minima=225  elapsed=3274s
[ssw] trial 334/500  best=-202.139 eV  minima=226  elapsed=3284s
[ssw] trial 335/500  best=-202.139 eV  minima=227  elapsed=3295s
[ssw] trial 336/500  best=-202.139 eV  minima=228  elapsed=3306s
[ssw] trial 337/500  best=-202.139 eV  minima=228  elapsed=3319s
[ssw] trial 338/500  best=-202.139 eV  minima=229  elapsed=3328s
[ssw] trial 339/500  best=-202.139 eV  minima=229  elapsed=3339s
[ssw] trial 340/500  best=-202.139 eV  minima=229  elapsed=3351s
[ssw] trial 341/500  best=-202.139 eV  minima=229  elapsed=3363s
[ssw] trial 342/500  best=-202.139 eV  minima=229  elapsed=3369s
[ssw] trial 343/500  best=-202.139 eV  minima=229  elapsed=3380s
[ssw] trial 344/500  best=-202.139 eV  minima=230  elapsed=3393s
[ssw] trial 345/500  best=-202.139 eV  minima=231  elapsed=3403s
[ssw] trial 346/500  best=-202.139 eV  minima=231  elapsed=3415s
[ssw] trial 347/500  best=-202.139 eV  minima=232  elapsed=3426s
[ssw] trial 348/500  best=-202.139 eV  minima=232  elapsed=3436s
[ssw] trial 349/500  best=-202.139 eV  minima=233  elapsed=3449s
[ssw] trial 350/500  best=-202.139 eV  minima=234  elapsed=3461s
[ssw] trial 351/500  best=-202.139 eV  minima=235  elapsed=3472s
[ssw] trial 352/500  best=-202.139 eV  minima=236  elapsed=3486s
[ssw] trial 353/500  best=-202.139 eV  minima=236  elapsed=3498s
[ssw] trial 354/500  best=-202.139 eV  minima=237  elapsed=3512s
[ssw] trial 355/500  best=-202.139 eV  minima=237  elapsed=3524s
[ssw] trial 356/500  best=-202.139 eV  minima=237  elapsed=3532s
[ssw] trial 357/500  best=-202.139 eV  minima=237  elapsed=3545s
[ssw] trial 358/500  best=-202.139 eV  minima=237  elapsed=3556s
[ssw] trial 359/500  best=-202.139 eV  minima=238  elapsed=3569s
[ssw] trial 360/500  best=-202.139 eV  minima=239  elapsed=3582s
[ssw] trial 361/500  best=-202.139 eV  minima=240  elapsed=3594s
[ssw] trial 362/500  best=-202.139 eV  minima=241  elapsed=3607s
[ssw] trial 363/500  best=-202.139 eV  minima=242  elapsed=3619s
[ssw] trial 364/500  best=-202.139 eV  minima=243  elapsed=3630s
[ssw] trial 365/500  best=-202.139 eV  minima=244  elapsed=3643s
[ssw] trial 366/500  best=-202.139 eV  minima=244  elapsed=3654s
[ssw] trial 367/500  best=-202.139 eV  minima=244  elapsed=3668s
[ssw] trial 368/500  best=-202.139 eV  minima=244  elapsed=3681s
[ssw] trial 369/500  best=-202.139 eV  minima=244  elapsed=3695s
[ssw] trial 370/500  best=-202.139 eV  minima=245  elapsed=3709s
[ssw] trial 371/500  best=-202.139 eV  minima=246  elapsed=3721s
[ssw] trial 372/500  best=-202.139 eV  minima=247  elapsed=3734s
[ssw] trial 373/500  best=-202.139 eV  minima=247  elapsed=3746s
[ssw] trial 374/500  best=-202.139 eV  minima=248  elapsed=3749s
[ssw] trial 375/500  best=-202.139 eV  minima=249  elapsed=3760s
[ssw] trial 376/500  best=-202.139 eV  minima=250  elapsed=3772s
[ssw] trial 377/500  best=-202.139 eV  minima=251  elapsed=3785s
[ssw] trial 378/500  best=-202.139 eV  minima=252  elapsed=3799s
[ssw] trial 379/500  best=-202.139 eV  minima=253  elapsed=3812s
[ssw] trial 380/500  best=-202.139 eV  minima=253  elapsed=3828s
[ssw] trial 381/500  best=-202.139 eV  minima=253  elapsed=3842s
[ssw] trial 382/500  best=-202.139 eV  minima=253  elapsed=3853s
[ssw] trial 383/500  best=-202.139 eV  minima=254  elapsed=3862s
[ssw] trial 384/500  best=-202.139 eV  minima=255  elapsed=3874s
[ssw] trial 385/500  best=-202.139 eV  minima=256  elapsed=3887s
[ssw] trial 386/500  best=-202.139 eV  minima=257  elapsed=3899s
[ssw] trial 387/500  best=-202.139 eV  minima=258  elapsed=3915s
[ssw] trial 388/500  best=-202.139 eV  minima=258  elapsed=3930s
[ssw] trial 389/500  best=-202.139 eV  minima=258  elapsed=3940s
[ssw] trial 390/500  best=-202.139 eV  minima=258  elapsed=3953s
[ssw] trial 391/500  best=-202.139 eV  minima=259  elapsed=3964s
[ssw] trial 392/500  best=-202.139 eV  minima=260  elapsed=3976s
[ssw] trial 393/500  best=-202.139 eV  minima=261  elapsed=3991s
[ssw] trial 394/500  best=-202.139 eV  minima=262  elapsed=4005s
[ssw] trial 395/500  best=-202.139 eV  minima=263  elapsed=4017s
[ssw] trial 396/500  best=-202.139 eV  minima=263  elapsed=4022s
[ssw] trial 397/500  best=-202.139 eV  minima=263  elapsed=4033s
[ssw] trial 398/500  best=-202.139 eV  minima=264  elapsed=4043s
[ssw] trial 399/500  best=-202.139 eV  minima=265  elapsed=4054s
[ssw] trial 400/500  best=-202.139 eV  minima=266  elapsed=4066s
[ssw] trial 401/500  best=-202.139 eV  minima=267  elapsed=4078s
[ssw] trial 402/500  best=-202.139 eV  minima=267  elapsed=4090s
[ssw] trial 403/500  best=-202.139 eV  minima=268  elapsed=4103s
[ssw] trial 404/500  best=-202.139 eV  minima=269  elapsed=4117s
[ssw] trial 405/500  best=-202.139 eV  minima=269  elapsed=4129s
[ssw] trial 406/500  best=-202.139 eV  minima=270  elapsed=4140s
[ssw] trial 407/500  best=-202.139 eV  minima=270  elapsed=4150s
[ssw] trial 408/500  best=-202.139 eV  minima=270  elapsed=4164s
[ssw] trial 409/500  best=-202.139 eV  minima=270  elapsed=4178s
[ssw] trial 410/500  best=-202.139 eV  minima=270  elapsed=4191s
[ssw] trial 411/500  best=-202.139 eV  minima=270  elapsed=4203s
[ssw] trial 412/500  best=-202.139 eV  minima=270  elapsed=4215s
[ssw] trial 413/500  best=-202.139 eV  minima=270  elapsed=4226s
[ssw] trial 414/500  best=-202.139 eV  minima=270  elapsed=4234s
[ssw] trial 415/500  best=-202.139 eV  minima=270  elapsed=4250s
[ssw] trial 416/500  best=-202.139 eV  minima=271  elapsed=4263s
[ssw] trial 417/500  best=-202.139 eV  minima=271  elapsed=4277s
[ssw] trial 418/500  best=-202.139 eV  minima=271  elapsed=4289s
[ssw] trial 419/500  best=-202.139 eV  minima=272  elapsed=4302s
[ssw] trial 420/500  best=-202.139 eV  minima=273  elapsed=4315s
[ssw] trial 421/500  best=-202.139 eV  minima=274  elapsed=4327s
[ssw] trial 422/500  best=-202.139 eV  minima=275  elapsed=4341s
[ssw] trial 423/500  best=-202.139 eV  minima=275  elapsed=4355s
[ssw] trial 424/500  best=-202.139 eV  minima=276  elapsed=4367s
[ssw] trial 425/500  best=-202.139 eV  minima=277  elapsed=4380s
[ssw] trial 426/500  best=-202.139 eV  minima=277  elapsed=4391s
[ssw] trial 427/500  best=-202.139 eV  minima=278  elapsed=4406s
[ssw] trial 428/500  best=-202.139 eV  minima=279  elapsed=4418s
[ssw] trial 429/500  best=-202.139 eV  minima=279  elapsed=4432s
[ssw] trial 430/500  best=-202.139 eV  minima=279  elapsed=4445s
[ssw] trial 431/500  best=-202.139 eV  minima=279  elapsed=4448s
[ssw] trial 432/500  best=-202.139 eV  minima=280  elapsed=4459s
[ssw] trial 433/500  best=-202.139 eV  minima=281  elapsed=4470s
[ssw] trial 434/500  best=-202.139 eV  minima=281  elapsed=4482s
[ssw] trial 435/500  best=-202.139 eV  minima=282  elapsed=4493s
[ssw] trial 436/500  best=-202.139 eV  minima=283  elapsed=4506s
[ssw] trial 437/500  best=-202.139 eV  minima=284  elapsed=4517s
[ssw] trial 438/500  best=-202.139 eV  minima=285  elapsed=4531s
[ssw] trial 439/500  best=-202.139 eV  minima=286  elapsed=4542s
[ssw] trial 440/500  best=-202.139 eV  minima=287  elapsed=4552s
[ssw] trial 441/500  best=-202.139 eV  minima=288  elapsed=4560s
[ssw] trial 442/500  best=-202.139 eV  minima=288  elapsed=4573s
[ssw] trial 443/500  best=-202.139 eV  minima=289  elapsed=4587s
[ssw] trial 444/500  best=-202.139 eV  minima=290  elapsed=4601s
[ssw] trial 445/500  best=-202.139 eV  minima=291  elapsed=4611s
[ssw] trial 446/500  best=-202.139 eV  minima=292  elapsed=4622s
[ssw] trial 447/500  best=-202.139 eV  minima=293  elapsed=4634s
[ssw] trial 448/500  best=-202.139 eV  minima=294  elapsed=4646s
[ssw] trial 449/500  best=-202.139 eV  minima=294  elapsed=4657s
[ssw] trial 450/500  best=-202.139 eV  minima=295  elapsed=4669s
[ssw] trial 451/500  best=-202.139 eV  minima=295  elapsed=4679s
[ssw] trial 452/500  best=-202.139 eV  minima=295  elapsed=4691s
[ssw] trial 453/500  best=-202.139 eV  minima=295  elapsed=4703s
[ssw] trial 454/500  best=-202.139 eV  minima=295  elapsed=4714s
[ssw] trial 455/500  best=-202.139 eV  minima=295  elapsed=4727s
[ssw] trial 456/500  best=-202.139 eV  minima=296  elapsed=4741s
[ssw] trial 457/500  best=-202.139 eV  minima=297  elapsed=4748s
[ssw] trial 458/500  best=-202.139 eV  minima=297  elapsed=4752s
[ssw] trial 459/500  best=-202.139 eV  minima=297  elapsed=4764s
[ssw] trial 460/500  best=-202.139 eV  minima=298  elapsed=4777s
[ssw] trial 461/500  best=-202.139 eV  minima=299  elapsed=4788s
[ssw] trial 462/500  best=-202.139 eV  minima=300  elapsed=4799s
[ssw] trial 463/500  best=-202.139 eV  minima=300  elapsed=4811s
[ssw] trial 464/500  best=-202.139 eV  minima=301  elapsed=4822s
[ssw] trial 465/500  best=-202.139 eV  minima=302  elapsed=4834s
[ssw] trial 466/500  best=-202.139 eV  minima=302  elapsed=4848s
[ssw] trial 467/500  best=-202.139 eV  minima=303  elapsed=4861s
[ssw] trial 468/500  best=-202.139 eV  minima=304  elapsed=4872s
[ssw] trial 469/500  best=-202.139 eV  minima=305  elapsed=4884s
[ssw] trial 470/500  best=-202.139 eV  minima=306  elapsed=4895s
[ssw] trial 471/500  best=-202.139 eV  minima=306  elapsed=4906s
[ssw] trial 472/500  best=-202.139 eV  minima=307  elapsed=4916s
[ssw] trial 473/500  best=-202.139 eV  minima=307  elapsed=4927s
[ssw] trial 474/500  best=-202.139 eV  minima=307  elapsed=4939s
[ssw] trial 475/500  best=-202.139 eV  minima=308  elapsed=4952s
[ssw] trial 476/500  best=-202.139 eV  minima=309  elapsed=4963s
[ssw] trial 477/500  best=-202.139 eV  minima=310  elapsed=4974s
[ssw] trial 478/500  best=-202.139 eV  minima=311  elapsed=4986s
[ssw] trial 479/500  best=-202.139 eV  minima=312  elapsed=4998s
[ssw] trial 480/500  best=-202.139 eV  minima=313  elapsed=5010s
[ssw] trial 481/500  best=-202.139 eV  minima=313  elapsed=5021s
[ssw] trial 482/500  best=-202.139 eV  minima=313  elapsed=5025s
[ssw] trial 483/500  best=-202.139 eV  minima=314  elapsed=5037s
[ssw] trial 484/500  best=-202.139 eV  minima=314  elapsed=5049s
[ssw] trial 485/500  best=-202.139 eV  minima=315  elapsed=5060s
[ssw] trial 486/500  best=-202.139 eV  minima=316  elapsed=5072s
[ssw] trial 487/500  best=-202.139 eV  minima=317  elapsed=5084s
[ssw] trial 488/500  best=-202.139 eV  minima=317  elapsed=5095s
[ssw] trial 489/500  best=-202.139 eV  minima=317  elapsed=5099s
[ssw] trial 490/500  best=-202.139 eV  minima=318  elapsed=5110s
[ssw] trial 491/500  best=-202.139 eV  minima=318  elapsed=5122s
[ssw] trial 492/500  best=-202.139 eV  minima=318  elapsed=5134s
[ssw] trial 493/500  best=-202.139 eV  minima=319  elapsed=5145s
[ssw] trial 494/500  best=-202.139 eV  minima=320  elapsed=5155s
[ssw] trial 495/500  best=-202.139 eV  minima=321  elapsed=5168s
[ssw] trial 496/500  best=-202.139 eV  minima=322  elapsed=5179s
[ssw] trial 497/500  best=-202.139 eV  minima=323  elapsed=5195s
[ssw] trial 498/500  best=-202.139 eV  minima=324  elapsed=5207s
[ssw] trial 499/500  best=-202.139 eV  minima=325  elapsed=5220s
[ssw] trial 500/500  best=-202.139 eV  minima=326  elapsed=5234s
[ssw] done: 500 trials, 326 minima, best=-202.139 eV, elapsed=5234s
/root/bin/mace-0.3.14/mace/calculators/mace.py:199: UserWarning: Environment variable TORCH_FORCE_NO_WEIGHTS_ONLY_LOAD detected, since the`weights_only` argument was not explicitly passed to `torch.load`, forcing weights_only=False.
  torch.load(f=model_path, map_location=device)
/root/bin/mace-0.3.14/mace/modules/models.py:509: FutureWarning: `torch.cuda.amp.autocast(args...)` is deprecated. Please use `torch.amp.autocast('cuda', args...)` instead.
  with autocast(enabled=use_amp, dtype=torch.bfloat16):
Using head Default out of ['pt_head', 'Default']
Default dtype float32 does not match model dtype float64, converting models to float32.
Setting inference mode to: enable_amp = False
[ssw] starting 500 trials...
[ssw] trial 1/500  best=-199.645 eV  minima=2  elapsed=9s
[ssw] trial 2/500  best=-199.645 eV  minima=3  elapsed=19s
[ssw] trial 3/500  best=-199.645 eV  minima=4  elapsed=28s
[ssw] trial 4/500  best=-200.618 eV  minima=5  elapsed=37s
[ssw] trial 5/500  best=-200.618 eV  minima=6  elapsed=47s
[ssw] trial 6/500  best=-201.113 eV  minima=7  elapsed=58s
[ssw] trial 7/500  best=-201.113 eV  minima=8  elapsed=68s
[ssw] trial 8/500  best=-201.113 eV  minima=9  elapsed=77s
[ssw] trial 9/500  best=-201.113 eV  minima=10  elapsed=85s
[ssw] trial 10/500  best=-201.465 eV  minima=11  elapsed=94s
[ssw] trial 11/500  best=-201.545 eV  minima=12  elapsed=103s
[ssw] trial 12/500  best=-201.545 eV  minima=13  elapsed=110s
[ssw] trial 13/500  best=-201.545 eV  minima=14  elapsed=118s
[ssw] trial 14/500  best=-201.545 eV  minima=15  elapsed=128s
[ssw] trial 15/500  best=-201.545 eV  minima=15  elapsed=136s
[ssw] trial 16/500  best=-201.545 eV  minima=16  elapsed=144s
[ssw] trial 17/500  best=-201.545 eV  minima=17  elapsed=153s
[ssw] trial 18/500  best=-201.545 eV  minima=18  elapsed=161s
[ssw] trial 19/500  best=-201.545 eV  minima=19  elapsed=171s
[ssw] trial 20/500  best=-201.545 eV  minima=20  elapsed=181s
[ssw] trial 21/500  best=-201.545 eV  minima=21  elapsed=190s
[ssw] trial 22/500  best=-201.545 eV  minima=22  elapsed=200s
[ssw] trial 23/500  best=-201.545 eV  minima=23  elapsed=209s
[ssw] trial 24/500  best=-201.547 eV  minima=24  elapsed=217s
[ssw] trial 25/500  best=-201.578 eV  minima=25  elapsed=225s
[ssw] trial 26/500  best=-201.740 eV  minima=26  elapsed=234s
[ssw] trial 27/500  best=-201.740 eV  minima=27  elapsed=242s
[ssw] trial 28/500  best=-201.740 eV  minima=28  elapsed=251s
[ssw] trial 29/500  best=-201.740 eV  minima=29  elapsed=259s
[ssw] trial 30/500  best=-201.740 eV  minima=30  elapsed=270s
[ssw] trial 31/500  best=-201.823 eV  minima=31  elapsed=281s
[ssw] trial 32/500  best=-201.889 eV  minima=32  elapsed=290s
[ssw] trial 33/500  best=-201.889 eV  minima=33  elapsed=297s
[ssw] trial 34/500  best=-201.889 eV  minima=34  elapsed=305s
[ssw] trial 35/500  best=-201.889 eV  minima=35  elapsed=312s
[ssw] trial 36/500  best=-201.889 eV  minima=36  elapsed=320s
[ssw] trial 37/500  best=-201.889 eV  minima=37  elapsed=327s
[ssw] trial 38/500  best=-202.036 eV  minima=38  elapsed=336s
[ssw] trial 39/500  best=-202.036 eV  minima=39  elapsed=344s
[ssw] trial 40/500  best=-202.036 eV  minima=40  elapsed=355s
[ssw] trial 41/500  best=-202.036 eV  minima=41  elapsed=365s
[ssw] trial 42/500  best=-202.036 eV  minima=42  elapsed=374s
[ssw] trial 43/500  best=-202.036 eV  minima=43  elapsed=383s
[ssw] trial 44/500  best=-202.038 eV  minima=44  elapsed=391s
[ssw] trial 45/500  best=-202.038 eV  minima=45  elapsed=400s
[ssw] trial 46/500  best=-202.038 eV  minima=46  elapsed=409s
[ssw] trial 47/500  best=-202.038 eV  minima=47  elapsed=418s
[ssw] trial 48/500  best=-202.038 eV  minima=48  elapsed=426s
[ssw] trial 49/500  best=-202.038 eV  minima=49  elapsed=436s
[ssw] trial 50/500  best=-202.038 eV  minima=50  elapsed=447s
[ssw] trial 51/500  best=-202.038 eV  minima=51  elapsed=456s
[ssw] trial 52/500  best=-202.038 eV  minima=52  elapsed=464s
[ssw] trial 53/500  best=-202.038 eV  minima=53  elapsed=472s
[ssw] trial 54/500  best=-202.038 eV  minima=54  elapsed=482s
[ssw] trial 55/500  best=-202.038 eV  minima=54  elapsed=491s
[ssw] trial 56/500  best=-202.038 eV  minima=55  elapsed=499s
[ssw] trial 57/500  best=-202.038 eV  minima=56  elapsed=510s
[ssw] trial 58/500  best=-202.038 eV  minima=56  elapsed=518s
[ssw] trial 59/500  best=-202.038 eV  minima=57  elapsed=527s
[ssw] trial 60/500  best=-202.038 eV  minima=58  elapsed=538s
[ssw] trial 61/500  best=-202.038 eV  minima=59  elapsed=546s
[ssw] trial 62/500  best=-202.038 eV  minima=60  elapsed=555s
[ssw] trial 63/500  best=-202.038 eV  minima=61  elapsed=563s
[ssw] trial 64/500  best=-202.038 eV  minima=62  elapsed=572s
[ssw] trial 65/500  best=-202.038 eV  minima=63  elapsed=580s
[ssw] trial 66/500  best=-202.038 eV  minima=64  elapsed=587s
[ssw] trial 67/500  best=-202.038 eV  minima=65  elapsed=595s
[ssw] trial 68/500  best=-202.038 eV  minima=66  elapsed=602s
[ssw] trial 69/500  best=-202.038 eV  minima=67  elapsed=610s
[ssw] trial 70/500  best=-202.038 eV  minima=68  elapsed=620s
[ssw] trial 71/500  best=-202.038 eV  minima=69  elapsed=628s
[ssw] trial 72/500  best=-202.038 eV  minima=70  elapsed=635s
[ssw] trial 73/500  best=-202.038 eV  minima=71  elapsed=643s
[ssw] trial 74/500  best=-202.038 eV  minima=72  elapsed=651s
[ssw] trial 75/500  best=-202.038 eV  minima=73  elapsed=659s
[ssw] trial 76/500  best=-202.038 eV  minima=74  elapsed=666s
[ssw] trial 77/500  best=-202.038 eV  minima=75  elapsed=675s
[ssw] trial 78/500  best=-202.038 eV  minima=76  elapsed=683s
[ssw] trial 79/500  best=-202.038 eV  minima=77  elapsed=691s
[ssw] trial 80/500  best=-202.038 eV  minima=78  elapsed=700s
[ssw] trial 81/500  best=-202.038 eV  minima=79  elapsed=708s
[ssw] trial 82/500  best=-202.038 eV  minima=80  elapsed=716s
[ssw] trial 83/500  best=-202.038 eV  minima=81  elapsed=726s
[ssw] trial 84/500  best=-202.038 eV  minima=82  elapsed=735s
[ssw] trial 85/500  best=-202.038 eV  minima=82  elapsed=744s
[ssw] trial 86/500  best=-202.038 eV  minima=83  elapsed=753s
[ssw] trial 87/500  best=-202.038 eV  minima=84  elapsed=765s
[ssw] trial 88/500  best=-202.038 eV  minima=84  elapsed=774s
[ssw] trial 89/500  best=-202.038 eV  minima=85  elapsed=782s
[ssw] trial 90/500  best=-202.038 eV  minima=86  elapsed=790s
[ssw] trial 91/500  best=-202.038 eV  minima=87  elapsed=798s
[ssw] trial 92/500  best=-202.038 eV  minima=88  elapsed=808s
[ssw] trial 93/500  best=-202.038 eV  minima=89  elapsed=816s
[ssw] trial 94/500  best=-202.038 eV  minima=90  elapsed=827s
[ssw] trial 95/500  best=-202.038 eV  minima=91  elapsed=836s
[ssw] trial 96/500  best=-202.038 eV  minima=92  elapsed=845s
[ssw] trial 97/500  best=-202.038 eV  minima=93  elapsed=853s
[ssw] trial 98/500  best=-202.038 eV  minima=94  elapsed=862s
[ssw] trial 99/500  best=-202.038 eV  minima=95  elapsed=870s
[ssw] trial 100/500  best=-202.038 eV  minima=96  elapsed=881s
[ssw] trial 101/500  best=-202.038 eV  minima=97  elapsed=889s
[ssw] trial 102/500  best=-202.038 eV  minima=98  elapsed=899s
[ssw] trial 103/500  best=-202.038 eV  minima=99  elapsed=907s
[ssw] trial 104/500  best=-202.038 eV  minima=100  elapsed=915s
[ssw] trial 105/500  best=-202.038 eV  minima=101  elapsed=924s
[ssw] trial 106/500  best=-202.038 eV  minima=102  elapsed=932s
[ssw] trial 107/500  best=-202.038 eV  minima=103  elapsed=942s
[ssw] trial 108/500  best=-202.038 eV  minima=104  elapsed=951s
[ssw] trial 109/500  best=-202.038 eV  minima=105  elapsed=959s
[ssw] trial 110/500  best=-202.038 eV  minima=106  elapsed=967s
[ssw] trial 111/500  best=-202.038 eV  minima=107  elapsed=974s
[ssw] trial 112/500  best=-202.038 eV  minima=108  elapsed=982s
[ssw] trial 113/500  best=-202.039 eV  minima=109  elapsed=990s
[ssw] trial 114/500  best=-202.039 eV  minima=110  elapsed=998s
[ssw] trial 115/500  best=-202.039 eV  minima=111  elapsed=1006s
[ssw] trial 116/500  best=-202.117 eV  minima=112  elapsed=1016s
[ssw] trial 117/500  best=-202.117 eV  minima=113  elapsed=1024s
[ssw] trial 118/500  best=-202.117 eV  minima=113  elapsed=1032s
[ssw] trial 119/500  best=-202.117 eV  minima=114  elapsed=1039s
[ssw] trial 120/500  best=-202.117 eV  minima=115  elapsed=1050s
[ssw] trial 121/500  best=-202.117 eV  minima=116  elapsed=1058s
[ssw] trial 122/500  best=-202.117 eV  minima=117  elapsed=1066s
[ssw] trial 123/500  best=-202.117 eV  minima=117  elapsed=1075s
[ssw] trial 124/500  best=-202.117 eV  minima=118  elapsed=1083s
[ssw] trial 125/500  best=-202.117 eV  minima=119  elapsed=1092s
[ssw] trial 126/500  best=-202.117 eV  minima=120  elapsed=1101s
[ssw] trial 127/500  best=-202.117 eV  minima=121  elapsed=1109s
[ssw] trial 128/500  best=-202.117 eV  minima=122  elapsed=1118s
[ssw] trial 129/500  best=-202.117 eV  minima=123  elapsed=1128s
[ssw] trial 130/500  best=-202.117 eV  minima=124  elapsed=1136s
[ssw] trial 131/500  best=-202.117 eV  minima=125  elapsed=1143s
[ssw] trial 132/500  best=-202.117 eV  minima=126  elapsed=1151s
[ssw] trial 133/500  best=-202.117 eV  minima=127  elapsed=1160s
[ssw] trial 134/500  best=-202.117 eV  minima=128  elapsed=1172s
[ssw] trial 135/500  best=-202.117 eV  minima=129  elapsed=1181s
[ssw] trial 136/500  best=-202.335 eV  minima=130  elapsed=1190s
[ssw] trial 137/500  best=-202.335 eV  minima=131  elapsed=1200s
[ssw] trial 138/500  best=-202.335 eV  minima=132  elapsed=1207s
[ssw] trial 139/500  best=-202.335 eV  minima=133  elapsed=1215s
[ssw] trial 140/500  best=-202.335 eV  minima=134  elapsed=1225s
[ssw] trial 141/500  best=-202.335 eV  minima=135  elapsed=1232s
[ssw] trial 142/500  best=-202.335 eV  minima=136  elapsed=1242s
[ssw] trial 143/500  best=-202.335 eV  minima=137  elapsed=1251s
[ssw] trial 144/500  best=-202.335 eV  minima=138  elapsed=1260s
[ssw] trial 145/500  best=-202.335 eV  minima=138  elapsed=1269s
[ssw] trial 146/500  best=-202.335 eV  minima=139  elapsed=1277s
[ssw] trial 147/500  best=-202.335 eV  minima=140  elapsed=1285s
[ssw] trial 148/500  best=-202.335 eV  minima=141  elapsed=1293s
[ssw] trial 149/500  best=-202.335 eV  minima=142  elapsed=1301s
[ssw] trial 150/500  best=-202.335 eV  minima=143  elapsed=1309s
[ssw] trial 151/500  best=-202.335 eV  minima=144  elapsed=1318s
[ssw] trial 152/500  best=-202.335 eV  minima=145  elapsed=1327s
[ssw] trial 153/500  best=-202.350 eV  minima=146  elapsed=1336s
[ssw] trial 154/500  best=-202.350 eV  minima=146  elapsed=1344s
[ssw] trial 155/500  best=-202.350 eV  minima=147  elapsed=1352s
[ssw] trial 156/500  best=-202.350 eV  minima=148  elapsed=1360s
[ssw] trial 157/500  best=-202.350 eV  minima=149  elapsed=1368s
[ssw] trial 158/500  best=-202.350 eV  minima=150  elapsed=1377s
[ssw] trial 159/500  best=-202.350 eV  minima=151  elapsed=1388s
[ssw] trial 160/500  best=-202.350 eV  minima=152  elapsed=1396s
[ssw] trial 161/500  best=-202.350 eV  minima=153  elapsed=1407s
[ssw] trial 162/500  best=-202.350 eV  minima=154  elapsed=1415s
[ssw] trial 163/500  best=-202.350 eV  minima=155  elapsed=1424s
[ssw] trial 164/500  best=-202.350 eV  minima=156  elapsed=1432s
[ssw] trial 165/500  best=-202.350 eV  minima=157  elapsed=1442s
[ssw] trial 166/500  best=-202.350 eV  minima=158  elapsed=1450s
[ssw] trial 167/500  best=-202.350 eV  minima=159  elapsed=1462s
[ssw] trial 168/500  best=-202.350 eV  minima=160  elapsed=1471s
[ssw] trial 169/500  best=-202.532 eV  minima=161  elapsed=1480s
[ssw] trial 170/500  best=-202.532 eV  minima=162  elapsed=1488s
[ssw] trial 171/500  best=-202.532 eV  minima=163  elapsed=1496s
[ssw] trial 172/500  best=-202.532 eV  minima=164  elapsed=1504s
[ssw] trial 173/500  best=-202.532 eV  minima=165  elapsed=1513s
[ssw] trial 174/500  best=-202.532 eV  minima=166  elapsed=1522s
[ssw] trial 175/500  best=-202.532 eV  minima=167  elapsed=1531s
[ssw] trial 176/500  best=-202.532 eV  minima=168  elapsed=1541s
[ssw] trial 177/500  best=-202.532 eV  minima=169  elapsed=1549s
[ssw] trial 178/500  best=-202.532 eV  minima=170  elapsed=1559s
[ssw] trial 179/500  best=-202.532 eV  minima=171  elapsed=1570s
[ssw] trial 180/500  best=-202.532 eV  minima=172  elapsed=1578s
[ssw] trial 181/500  best=-202.532 eV  minima=173  elapsed=1587s
[ssw] trial 182/500  best=-202.532 eV  minima=174  elapsed=1598s
[ssw] trial 183/500  best=-202.532 eV  minima=175  elapsed=1607s
[ssw] trial 184/500  best=-202.532 eV  minima=176  elapsed=1615s
[ssw] trial 185/500  best=-202.532 eV  minima=177  elapsed=1624s
[ssw] trial 186/500  best=-202.532 eV  minima=178  elapsed=1633s
[ssw] trial 187/500  best=-202.535 eV  minima=179  elapsed=1643s
[ssw] trial 188/500  best=-202.535 eV  minima=180  elapsed=1652s
[ssw] trial 189/500  best=-202.535 eV  minima=181  elapsed=1663s
[ssw] trial 190/500  best=-202.535 eV  minima=182  elapsed=1673s
[ssw] trial 191/500  best=-202.535 eV  minima=183  elapsed=1682s
[ssw] trial 192/500  best=-202.535 eV  minima=184  elapsed=1692s
[ssw] trial 193/500  best=-202.535 eV  minima=185  elapsed=1702s
[ssw] trial 194/500  best=-202.535 eV  minima=186  elapsed=1711s
[ssw] trial 195/500  best=-202.535 eV  minima=187  elapsed=1720s
[ssw] trial 196/500  best=-202.535 eV  minima=188  elapsed=1730s
[ssw] trial 197/500  best=-202.535 eV  minima=189  elapsed=1738s
[ssw] trial 198/500  best=-202.535 eV  minima=190  elapsed=1746s
[ssw] trial 199/500  best=-202.535 eV  minima=190  elapsed=1753s
[ssw] trial 200/500  best=-202.535 eV  minima=191  elapsed=1763s
[ssw] trial 201/500  best=-202.535 eV  minima=192  elapsed=1772s
[ssw] trial 202/500  best=-202.535 eV  minima=193  elapsed=1781s
[ssw] trial 203/500  best=-202.535 eV  minima=194  elapsed=1790s
[ssw] trial 204/500  best=-202.535 eV  minima=195  elapsed=1800s
[ssw] trial 205/500  best=-202.535 eV  minima=196  elapsed=1809s
[ssw] trial 206/500  best=-202.535 eV  minima=197  elapsed=1818s
[ssw] trial 207/500  best=-202.535 eV  minima=198  elapsed=1827s
[ssw] trial 208/500  best=-202.535 eV  minima=199  elapsed=1837s
[ssw] trial 209/500  best=-202.535 eV  minima=199  elapsed=1847s
[ssw] trial 210/500  best=-202.535 eV  minima=200  elapsed=1856s
[ssw] trial 211/500  best=-202.535 eV  minima=201  elapsed=1867s
[ssw] trial 212/500  best=-202.535 eV  minima=202  elapsed=1878s
[ssw] trial 213/500  best=-202.535 eV  minima=203  elapsed=1886s
[ssw] trial 214/500  best=-202.535 eV  minima=203  elapsed=1894s
[ssw] trial 215/500  best=-202.535 eV  minima=204  elapsed=1903s
[ssw] trial 216/500  best=-202.535 eV  minima=205  elapsed=1911s
[ssw] trial 217/500  best=-202.535 eV  minima=206  elapsed=1920s
[ssw] trial 218/500  best=-202.535 eV  minima=207  elapsed=1929s
[ssw] trial 219/500  best=-202.535 eV  minima=208  elapsed=1937s
[ssw] trial 220/500  best=-202.535 eV  minima=209  elapsed=1949s
[ssw] trial 221/500  best=-202.535 eV  minima=210  elapsed=1960s
[ssw] trial 222/500  best=-202.535 eV  minima=211  elapsed=1970s
[ssw] trial 223/500  best=-202.535 eV  minima=212  elapsed=1979s
[ssw] trial 224/500  best=-202.535 eV  minima=213  elapsed=1990s
[ssw] trial 225/500  best=-202.535 eV  minima=214  elapsed=2000s
[ssw] trial 226/500  best=-202.535 eV  minima=215  elapsed=2009s
[ssw] trial 227/500  best=-202.535 eV  minima=216  elapsed=2018s
[ssw] trial 228/500  best=-202.535 eV  minima=217  elapsed=2028s
[ssw] trial 229/500  best=-202.535 eV  minima=218  elapsed=2037s
[ssw] trial 230/500  best=-202.535 eV  minima=219  elapsed=2046s
[ssw] trial 231/500  best=-202.535 eV  minima=220  elapsed=2054s
[ssw] trial 232/500  best=-202.535 eV  minima=221  elapsed=2062s
[ssw] trial 233/500  best=-202.588 eV  minima=222  elapsed=2071s
[ssw] trial 234/500  best=-202.588 eV  minima=222  elapsed=2079s
[ssw] trial 235/500  best=-202.588 eV  minima=223  elapsed=2088s
[ssw] trial 236/500  best=-202.588 eV  minima=224  elapsed=2097s
[ssw] trial 237/500  best=-202.588 eV  minima=225  elapsed=2105s
[ssw] trial 238/500  best=-202.590 eV  minima=226  elapsed=2114s
[ssw] trial 239/500  best=-202.590 eV  minima=227  elapsed=2123s
[ssw] trial 240/500  best=-202.590 eV  minima=228  elapsed=2134s
[ssw] trial 241/500  best=-202.590 eV  minima=229  elapsed=2143s
[ssw] trial 242/500  best=-202.590 eV  minima=230  elapsed=2152s
[ssw] trial 243/500  best=-202.590 eV  minima=231  elapsed=2162s
[ssw] trial 244/500  best=-202.590 eV  minima=232  elapsed=2172s
[ssw] trial 245/500  best=-202.590 eV  minima=233  elapsed=2181s
[ssw] trial 246/500  best=-202.590 eV  minima=234  elapsed=2190s
[ssw] trial 247/500  best=-202.590 eV  minima=235  elapsed=2200s
[ssw] trial 248/500  best=-202.590 eV  minima=236  elapsed=2209s
[ssw] trial 249/500  best=-202.590 eV  minima=237  elapsed=2218s
[ssw] trial 250/500  best=-202.590 eV  minima=238  elapsed=2228s
[ssw] trial 251/500  best=-202.590 eV  minima=239  elapsed=2238s
[ssw] trial 252/500  best=-202.590 eV  minima=240  elapsed=2247s
[ssw] trial 253/500  best=-202.590 eV  minima=241  elapsed=2256s
[ssw] trial 254/500  best=-202.590 eV  minima=242  elapsed=2265s
[ssw] trial 255/500  best=-202.590 eV  minima=243  elapsed=2278s
[ssw] trial 256/500  best=-202.590 eV  minima=244  elapsed=2286s
[ssw] trial 257/500  best=-202.590 eV  minima=245  elapsed=2295s
[ssw] trial 258/500  best=-202.590 eV  minima=246  elapsed=2304s
[ssw] trial 259/500  best=-202.590 eV  minima=247  elapsed=2314s
[ssw] trial 260/500  best=-202.590 eV  minima=248  elapsed=2323s
[ssw] trial 261/500  best=-202.590 eV  minima=249  elapsed=2333s
[ssw] trial 262/500  best=-202.590 eV  minima=250  elapsed=2342s
[ssw] trial 263/500  best=-202.590 eV  minima=251  elapsed=2353s
[ssw] trial 264/500  best=-202.590 eV  minima=251  elapsed=2362s
[ssw] trial 265/500  best=-202.590 eV  minima=252  elapsed=2374s
[ssw] trial 266/500  best=-202.590 eV  minima=252  elapsed=2383s
[ssw] trial 267/500  best=-202.590 eV  minima=253  elapsed=2393s
[ssw] trial 268/500  best=-202.590 eV  minima=254  elapsed=2403s
[ssw] trial 269/500  best=-202.590 eV  minima=255  elapsed=2413s
[ssw] trial 270/500  best=-202.590 eV  minima=256  elapsed=2422s
[ssw] trial 271/500  best=-202.590 eV  minima=257  elapsed=2431s
[ssw] trial 272/500  best=-202.590 eV  minima=258  elapsed=2442s
[ssw] trial 273/500  best=-202.590 eV  minima=259  elapsed=2453s
[ssw] trial 274/500  best=-202.590 eV  minima=260  elapsed=2463s
[ssw] trial 275/500  best=-202.590 eV  minima=261  elapsed=2473s
[ssw] trial 276/500  best=-202.590 eV  minima=262  elapsed=2483s
[ssw] trial 277/500  best=-202.590 eV  minima=263  elapsed=2493s
[ssw] trial 278/500  best=-202.590 eV  minima=264  elapsed=2505s
[ssw] trial 279/500  best=-202.590 eV  minima=265  elapsed=2515s
[ssw] trial 280/500  best=-202.590 eV  minima=265  elapsed=2525s
[ssw] trial 281/500  best=-202.590 eV  minima=266  elapsed=2535s
[ssw] trial 282/500  best=-202.590 eV  minima=267  elapsed=2547s
[ssw] trial 283/500  best=-202.590 eV  minima=268  elapsed=2557s
[ssw] trial 284/500  best=-202.590 eV  minima=269  elapsed=2567s
[ssw] trial 285/500  best=-202.590 eV  minima=270  elapsed=2577s
[ssw] trial 286/500  best=-202.590 eV  minima=271  elapsed=2588s
[ssw] trial 287/500  best=-202.590 eV  minima=272  elapsed=2598s
[ssw] trial 288/500  best=-202.590 eV  minima=273  elapsed=2608s
[ssw] trial 289/500  best=-202.590 eV  minima=274  elapsed=2618s
[ssw] trial 290/500  best=-202.590 eV  minima=275  elapsed=2628s
[ssw] trial 291/500  best=-202.590 eV  minima=276  elapsed=2638s
[ssw] trial 292/500  best=-202.590 eV  minima=277  elapsed=2648s
[ssw] trial 293/500  best=-202.590 eV  minima=278  elapsed=2657s
[ssw] trial 294/500  best=-202.590 eV  minima=279  elapsed=2668s
[ssw] trial 295/500  best=-202.590 eV  minima=280  elapsed=2677s
[ssw] trial 296/500  best=-202.590 eV  minima=281  elapsed=2689s
[ssw] trial 297/500  best=-202.590 eV  minima=282  elapsed=2698s
[ssw] trial 298/500  best=-202.590 eV  minima=283  elapsed=2706s
[ssw] trial 299/500  best=-202.590 eV  minima=284  elapsed=2715s
[ssw] trial 300/500  best=-202.590 eV  minima=285  elapsed=2724s
[ssw] trial 301/500  best=-202.590 eV  minima=286  elapsed=2732s
[ssw] trial 302/500  best=-202.590 eV  minima=287  elapsed=2741s
[ssw] trial 303/500  best=-202.590 eV  minima=288  elapsed=2751s
[ssw] trial 304/500  best=-202.590 eV  minima=289  elapsed=2760s
[ssw] trial 305/500  best=-202.590 eV  minima=290  elapsed=2771s
[ssw] trial 306/500  best=-202.590 eV  minima=291  elapsed=2780s
[ssw] trial 307/500  best=-202.590 eV  minima=292  elapsed=2789s
[ssw] trial 308/500  best=-202.590 eV  minima=293  elapsed=2798s
[ssw] trial 309/500  best=-202.590 eV  minima=294  elapsed=2807s
[ssw] trial 310/500  best=-202.590 eV  minima=295  elapsed=2819s
[ssw] trial 311/500  best=-202.590 eV  minima=296  elapsed=2827s
[ssw] trial 312/500  best=-202.590 eV  minima=297  elapsed=2836s
[ssw] trial 313/500  best=-202.590 eV  minima=298  elapsed=2845s
[ssw] trial 314/500  best=-202.590 eV  minima=299  elapsed=2854s
[ssw] trial 315/500  best=-202.590 eV  minima=300  elapsed=2864s
[ssw] trial 316/500  best=-202.590 eV  minima=301  elapsed=2873s
[ssw] trial 317/500  best=-202.590 eV  minima=302  elapsed=2883s
[ssw] trial 318/500  best=-202.590 eV  minima=303  elapsed=2891s
[ssw] trial 319/500  best=-202.590 eV  minima=304  elapsed=2900s
[ssw] trial 320/500  best=-202.590 eV  minima=305  elapsed=2910s
[ssw] trial 321/500  best=-202.590 eV  minima=306  elapsed=2920s
[ssw] trial 322/500  best=-202.590 eV  minima=307  elapsed=2930s
[ssw] trial 323/500  best=-202.590 eV  minima=308  elapsed=2938s
[ssw] trial 324/500  best=-202.590 eV  minima=309  elapsed=2948s
[ssw] trial 325/500  best=-202.590 eV  minima=310  elapsed=2960s
[ssw] trial 326/500  best=-202.590 eV  minima=311  elapsed=2971s
[ssw] trial 327/500  best=-202.590 eV  minima=312  elapsed=2983s
[ssw] trial 328/500  best=-202.590 eV  minima=313  elapsed=2995s
[ssw] trial 329/500  best=-202.590 eV  minima=314  elapsed=3007s
[ssw] trial 330/500  best=-202.590 eV  minima=315  elapsed=3019s
[ssw] trial 331/500  best=-202.590 eV  minima=316  elapsed=3029s
[ssw] trial 332/500  best=-202.590 eV  minima=317  elapsed=3039s
[ssw] trial 333/500  best=-202.590 eV  minima=318  elapsed=3048s
[ssw] trial 334/500  best=-202.590 eV  minima=319  elapsed=3058s
[ssw] trial 335/500  best=-202.590 eV  minima=320  elapsed=3067s
[ssw] trial 336/500  best=-202.590 eV  minima=321  elapsed=3077s
[ssw] trial 337/500  best=-202.590 eV  minima=322  elapsed=3087s
[ssw] trial 338/500  best=-202.590 eV  minima=323  elapsed=3097s
[ssw] trial 339/500  best=-202.590 eV  minima=324  elapsed=3107s
[ssw] trial 340/500  best=-202.590 eV  minima=325  elapsed=3118s
[ssw] trial 341/500  best=-202.590 eV  minima=326  elapsed=3126s
[ssw] trial 342/500  best=-202.590 eV  minima=327  elapsed=3135s
[ssw] trial 343/500  best=-202.590 eV  minima=328  elapsed=3145s
[ssw] trial 344/500  best=-202.590 eV  minima=329  elapsed=3155s
[ssw] trial 345/500  best=-202.590 eV  minima=330  elapsed=3165s
[ssw] trial 346/500  best=-202.590 eV  minima=331  elapsed=3176s
[ssw] trial 347/500  best=-202.590 eV  minima=332  elapsed=3186s
[ssw] trial 348/500  best=-202.590 eV  minima=333  elapsed=3200s
[ssw] trial 349/500  best=-202.590 eV  minima=334  elapsed=3209s
[ssw] trial 350/500  best=-202.590 eV  minima=335  elapsed=3218s
[ssw] trial 351/500  best=-202.590 eV  minima=336  elapsed=3227s
[ssw] trial 352/500  best=-202.590 eV  minima=337  elapsed=3237s
[ssw] trial 353/500  best=-202.590 eV  minima=338  elapsed=3246s
[ssw] trial 354/500  best=-202.590 eV  minima=339  elapsed=3255s
[ssw] trial 355/500  best=-202.590 eV  minima=340  elapsed=3265s
[ssw] trial 356/500  best=-202.590 eV  minima=341  elapsed=3275s
[ssw] trial 357/500  best=-202.590 eV  minima=342  elapsed=3284s
[ssw] trial 358/500  best=-202.590 eV  minima=343  elapsed=3296s
[ssw] trial 359/500  best=-202.590 eV  minima=344  elapsed=3306s
[ssw] trial 360/500  best=-202.590 eV  minima=345  elapsed=3315s
[ssw] trial 361/500  best=-202.590 eV  minima=346  elapsed=3324s
[ssw] trial 362/500  best=-202.590 eV  minima=347  elapsed=3332s
[ssw] trial 363/500  best=-202.590 eV  minima=348  elapsed=3341s
[ssw] trial 364/500  best=-202.590 eV  minima=349  elapsed=3351s
[ssw] trial 365/500  best=-202.590 eV  minima=350  elapsed=3360s
[ssw] trial 366/500  best=-202.590 eV  minima=351  elapsed=3370s
[ssw] trial 367/500  best=-202.590 eV  minima=352  elapsed=3380s
[ssw] trial 368/500  best=-202.590 eV  minima=353  elapsed=3390s
[ssw] trial 369/500  best=-202.590 eV  minima=354  elapsed=3399s
[ssw] trial 370/500  best=-202.590 eV  minima=355  elapsed=3410s
[ssw] trial 371/500  best=-202.590 eV  minima=356  elapsed=3419s
[ssw] trial 372/500  best=-202.590 eV  minima=356  elapsed=3427s
[ssw] trial 373/500  best=-202.590 eV  minima=357  elapsed=3438s
[ssw] trial 374/500  best=-202.590 eV  minima=358  elapsed=3448s
[ssw] trial 375/500  best=-202.590 eV  minima=359  elapsed=3459s
[ssw] trial 376/500  best=-202.590 eV  minima=360  elapsed=3468s
[ssw] trial 377/500  best=-202.590 eV  minima=361  elapsed=3478s
[ssw] trial 378/500  best=-202.590 eV  minima=362  elapsed=3488s
[ssw] trial 379/500  best=-202.590 eV  minima=363  elapsed=3498s
[ssw] trial 380/500  best=-202.590 eV  minima=364  elapsed=3508s
[ssw] trial 381/500  best=-202.590 eV  minima=365  elapsed=3520s
[ssw] trial 382/500  best=-202.590 eV  minima=366  elapsed=3530s
[ssw] trial 383/500  best=-202.590 eV  minima=367  elapsed=3542s
[ssw] trial 384/500  best=-202.590 eV  minima=368  elapsed=3552s
[ssw] trial 385/500  best=-202.590 eV  minima=369  elapsed=3563s
[ssw] trial 386/500  best=-202.590 eV  minima=370  elapsed=3574s
[ssw] trial 387/500  best=-202.590 eV  minima=371  elapsed=3586s
[ssw] trial 388/500  best=-202.590 eV  minima=372  elapsed=3596s
[ssw] trial 389/500  best=-202.590 eV  minima=373  elapsed=3609s
[ssw] trial 390/500  best=-202.590 eV  minima=374  elapsed=3622s
[ssw] trial 391/500  best=-202.590 eV  minima=375  elapsed=3634s
[ssw] trial 392/500  best=-202.590 eV  minima=376  elapsed=3645s
[ssw] trial 393/500  best=-202.590 eV  minima=376  elapsed=3654s
[ssw] trial 394/500  best=-202.590 eV  minima=377  elapsed=3666s
[ssw] trial 395/500  best=-202.590 eV  minima=378  elapsed=3678s
[ssw] trial 396/500  best=-202.590 eV  minima=379  elapsed=3688s
[ssw] trial 397/500  best=-202.590 eV  minima=380  elapsed=3700s
[ssw] trial 398/500  best=-202.590 eV  minima=380  elapsed=3710s
[ssw] trial 399/500  best=-202.590 eV  minima=381  elapsed=3721s
[ssw] trial 400/500  best=-202.590 eV  minima=382  elapsed=3731s
[ssw] trial 401/500  best=-202.590 eV  minima=383  elapsed=3742s
[ssw] trial 402/500  best=-202.590 eV  minima=384  elapsed=3754s
[ssw] trial 403/500  best=-202.590 eV  minima=385  elapsed=3766s
[ssw] trial 404/500  best=-202.590 eV  minima=386  elapsed=3777s
[ssw] trial 405/500  best=-202.590 eV  minima=387  elapsed=3787s
[ssw] trial 406/500  best=-202.590 eV  minima=388  elapsed=3797s
[ssw] trial 407/500  best=-202.590 eV  minima=389  elapsed=3806s
[ssw] trial 408/500  best=-202.590 eV  minima=390  elapsed=3816s
[ssw] trial 409/500  best=-202.590 eV  minima=391  elapsed=3826s
[ssw] trial 410/500  best=-202.590 eV  minima=392  elapsed=3836s
[ssw] trial 411/500  best=-202.590 eV  minima=393  elapsed=3845s
[ssw] trial 412/500  best=-202.590 eV  minima=394  elapsed=3856s
[ssw] trial 413/500  best=-202.590 eV  minima=395  elapsed=3868s
[ssw] trial 414/500  best=-202.590 eV  minima=396  elapsed=3879s
[ssw] trial 415/500  best=-202.590 eV  minima=397  elapsed=3889s
[ssw] trial 416/500  best=-202.590 eV  minima=398  elapsed=3900s
[ssw] trial 417/500  best=-202.590 eV  minima=399  elapsed=3910s
[ssw] trial 418/500  best=-202.590 eV  minima=399  elapsed=3919s
[ssw] trial 419/500  best=-202.590 eV  minima=400  elapsed=3931s
[ssw] trial 420/500  best=-202.590 eV  minima=401  elapsed=3941s
[ssw] trial 421/500  best=-202.590 eV  minima=401  elapsed=3951s
[ssw] trial 422/500  best=-202.590 eV  minima=402  elapsed=3960s
[ssw] trial 423/500  best=-202.590 eV  minima=403  elapsed=3970s
[ssw] trial 424/500  best=-202.590 eV  minima=404  elapsed=3979s
[ssw] trial 425/500  best=-202.590 eV  minima=405  elapsed=3989s
[ssw] trial 426/500  best=-202.590 eV  minima=406  elapsed=4000s
[ssw] trial 427/500  best=-202.590 eV  minima=407  elapsed=4010s
[ssw] trial 428/500  best=-202.590 eV  minima=408  elapsed=4019s
[ssw] trial 429/500  best=-202.590 eV  minima=409  elapsed=4029s
[ssw] trial 430/500  best=-202.590 eV  minima=410  elapsed=4039s
[ssw] trial 431/500  best=-202.590 eV  minima=411  elapsed=4048s
[ssw] trial 432/500  best=-202.590 eV  minima=412  elapsed=4059s
[ssw] trial 433/500  best=-202.590 eV  minima=413  elapsed=4069s
[ssw] trial 434/500  best=-202.590 eV  minima=414  elapsed=4078s
[ssw] trial 435/500  best=-202.590 eV  minima=415  elapsed=4088s
[ssw] trial 436/500  best=-202.590 eV  minima=416  elapsed=4098s
[ssw] trial 437/500  best=-202.590 eV  minima=417  elapsed=4108s
[ssw] trial 438/500  best=-202.590 eV  minima=418  elapsed=4118s
[ssw] trial 439/500  best=-202.590 eV  minima=419  elapsed=4129s
[ssw] trial 440/500  best=-202.590 eV  minima=420  elapsed=4139s
[ssw] trial 441/500  best=-202.590 eV  minima=421  elapsed=4148s
[ssw] trial 442/500  best=-202.590 eV  minima=422  elapsed=4160s
[ssw] trial 443/500  best=-202.590 eV  minima=423  elapsed=4170s
[ssw] trial 444/500  best=-202.590 eV  minima=424  elapsed=4180s
[ssw] trial 445/500  best=-202.590 eV  minima=425  elapsed=4190s
[ssw] trial 446/500  best=-202.590 eV  minima=426  elapsed=4201s
[ssw] trial 447/500  best=-202.590 eV  minima=427  elapsed=4212s
[ssw] trial 448/500  best=-202.590 eV  minima=428  elapsed=4222s
[ssw] trial 449/500  best=-202.590 eV  minima=429  elapsed=4232s
[ssw] trial 450/500  best=-202.590 eV  minima=430  elapsed=4243s
[ssw] trial 451/500  best=-202.590 eV  minima=431  elapsed=4253s
[ssw] trial 452/500  best=-202.590 eV  minima=432  elapsed=4264s
[ssw] trial 453/500  best=-202.590 eV  minima=432  elapsed=4273s
[ssw] trial 454/500  best=-202.590 eV  minima=433  elapsed=4284s
[ssw] trial 455/500  best=-202.590 eV  minima=434  elapsed=4295s
[ssw] trial 456/500  best=-202.590 eV  minima=434  elapsed=4304s
[ssw] trial 457/500  best=-202.590 eV  minima=435  elapsed=4317s
[ssw] trial 458/500  best=-202.590 eV  minima=436  elapsed=4327s
[ssw] trial 459/500  best=-202.590 eV  minima=437  elapsed=4337s
[ssw] trial 460/500  best=-202.590 eV  minima=438  elapsed=4348s
[ssw] trial 461/500  best=-202.590 eV  minima=439  elapsed=4357s
[ssw] trial 462/500  best=-202.590 eV  minima=440  elapsed=4369s
[ssw] trial 463/500  best=-202.590 eV  minima=441  elapsed=4379s
[ssw] trial 464/500  best=-202.590 eV  minima=442  elapsed=4390s
[ssw] trial 465/500  best=-202.590 eV  minima=443  elapsed=4400s
[ssw] trial 466/500  best=-202.590 eV  minima=444  elapsed=4409s
[ssw] trial 467/500  best=-202.590 eV  minima=445  elapsed=4422s
[ssw] trial 468/500  best=-202.590 eV  minima=446  elapsed=4433s
[ssw] trial 469/500  best=-202.590 eV  minima=447  elapsed=4444s
[ssw] trial 470/500  best=-202.590 eV  minima=448  elapsed=4454s
[ssw] trial 471/500  best=-202.590 eV  minima=449  elapsed=4464s
[ssw] trial 472/500  best=-202.590 eV  minima=450  elapsed=4476s
[ssw] trial 473/500  best=-202.590 eV  minima=451  elapsed=4486s
[ssw] trial 474/500  best=-202.590 eV  minima=452  elapsed=4496s
[ssw] trial 475/500  best=-202.590 eV  minima=452  elapsed=4506s
[ssw] trial 476/500  best=-202.590 eV  minima=453  elapsed=4517s
[ssw] trial 477/500  best=-202.590 eV  minima=454  elapsed=4528s
[ssw] trial 478/500  best=-202.590 eV  minima=455  elapsed=4538s
[ssw] trial 479/500  best=-202.590 eV  minima=456  elapsed=4549s
[ssw] trial 480/500  best=-202.590 eV  minima=457  elapsed=4560s
[ssw] trial 481/500  best=-202.590 eV  minima=458  elapsed=4570s
[ssw] trial 482/500  best=-202.590 eV  minima=459  elapsed=4580s
[ssw] trial 483/500  best=-202.590 eV  minima=460  elapsed=4593s
[ssw] trial 484/500  best=-202.590 eV  minima=461  elapsed=4603s
[ssw] trial 485/500  best=-202.590 eV  minima=462  elapsed=4613s
[ssw] trial 486/500  best=-202.590 eV  minima=463  elapsed=4624s
[ssw] trial 487/500  best=-202.590 eV  minima=464  elapsed=4635s
[ssw] trial 488/500  best=-202.590 eV  minima=465  elapsed=4647s
[ssw] trial 489/500  best=-202.590 eV  minima=465  elapsed=4655s
[ssw] trial 490/500  best=-202.590 eV  minima=465  elapsed=4665s
[ssw] trial 491/500  best=-202.590 eV  minima=466  elapsed=4675s
[ssw] trial 492/500  best=-202.590 eV  minima=467  elapsed=4685s
[ssw] trial 493/500  best=-202.590 eV  minima=468  elapsed=4699s
[ssw] trial 494/500  best=-202.590 eV  minima=468  elapsed=4708s
[ssw] trial 495/500  best=-202.590 eV  minima=469  elapsed=4718s
[ssw] trial 496/500  best=-202.590 eV  minima=470  elapsed=4731s
[ssw] trial 497/500  best=-202.590 eV  minima=471  elapsed=4742s
[ssw] trial 498/500  best=-202.590 eV  minima=472  elapsed=4753s
[ssw] trial 499/500  best=-202.590 eV  minima=473  elapsed=4766s
[ssw] trial 500/500  best=-202.590 eV  minima=474  elapsed=4779s
[ssw] done: 500 trials, 474 minima, best=-202.590 eV, elapsed=4779s
/root/bin/mace-0.3.14/mace/calculators/mace.py:199: UserWarning: Environment variable TORCH_FORCE_NO_WEIGHTS_ONLY_LOAD detected, since the`weights_only` argument was not explicitly passed to `torch.load`, forcing weights_only=False.
  torch.load(f=model_path, map_location=device)
/root/bin/mace-0.3.14/mace/modules/models.py:509: FutureWarning: `torch.cuda.amp.autocast(args...)` is deprecated. Please use `torch.amp.autocast('cuda', args...)` instead.
  with autocast(enabled=use_amp, dtype=torch.bfloat16):
Using head omat_pbe out of ['omat_pbe']
Default dtype float32 does not match model dtype float64, converting models to float32.
Setting inference mode to: enable_amp = False
[ssw] starting 500 trials...
[ssw] trial 1/500  best=-568.371 eV  minima=2  elapsed=9s
[ssw] trial 2/500  best=-568.371 eV  minima=2  elapsed=13s
[ssw] trial 3/500  best=-568.371 eV  minima=2  elapsed=14s
[ssw] trial 4/500  best=-568.371 eV  minima=2  elapsed=15s
[ssw] trial 5/500  best=-570.907 eV  minima=3  elapsed=28s
[ssw] trial 6/500  best=-570.907 eV  minima=4  elapsed=41s
[ssw] trial 7/500  best=-570.907 eV  minima=5  elapsed=50s
[ssw] trial 8/500  best=-570.907 eV  minima=6  elapsed=64s
[ssw] trial 9/500  best=-570.907 eV  minima=7  elapsed=72s
[ssw] trial 10/500  best=-570.907 eV  minima=8  elapsed=87s
[ssw] trial 11/500  best=-570.907 eV  minima=9  elapsed=105s
[ssw] trial 12/500  best=-571.904 eV  minima=10  elapsed=115s
[ssw] trial 13/500  best=-571.904 eV  minima=11  elapsed=121s
[ssw] trial 14/500  best=-571.912 eV  minima=12  elapsed=131s
[ssw] trial 15/500  best=-571.912 eV  minima=12  elapsed=134s
[ssw] trial 16/500  best=-571.912 eV  minima=13  elapsed=144s
[ssw] trial 17/500  best=-571.912 eV  minima=14  elapsed=158s
[ssw] trial 18/500  best=-571.912 eV  minima=15  elapsed=167s
[ssw] trial 19/500  best=-571.912 eV  minima=16  elapsed=180s
[ssw] trial 20/500  best=-571.912 eV  minima=17  elapsed=190s
[ssw] trial 21/500  best=-571.912 eV  minima=18  elapsed=199s
[ssw] trial 22/500  best=-571.912 eV  minima=19  elapsed=209s
[ssw] trial 23/500  best=-571.912 eV  minima=20  elapsed=220s
[ssw] trial 24/500  best=-571.975 eV  minima=21  elapsed=229s
[ssw] trial 25/500  best=-572.150 eV  minima=22  elapsed=235s
[ssw] trial 26/500  best=-572.150 eV  minima=23  elapsed=244s
[ssw] trial 27/500  best=-572.150 eV  minima=24  elapsed=254s
[ssw] trial 28/500  best=-572.150 eV  minima=25  elapsed=264s
[ssw] trial 29/500  best=-573.405 eV  minima=26  elapsed=277s
[ssw] trial 30/500  best=-573.405 eV  minima=27  elapsed=291s
[ssw] trial 31/500  best=-573.405 eV  minima=28  elapsed=307s
[ssw] trial 32/500  best=-573.405 eV  minima=29  elapsed=318s
[ssw] trial 33/500  best=-573.405 eV  minima=29  elapsed=319s
[ssw] trial 34/500  best=-573.405 eV  minima=30  elapsed=328s
[ssw] trial 35/500  best=-573.405 eV  minima=31  elapsed=345s
[ssw] trial 36/500  best=-573.405 eV  minima=32  elapsed=359s
[ssw] trial 37/500  best=-573.405 eV  minima=33  elapsed=371s
[ssw] trial 38/500  best=-573.405 eV  minima=34  elapsed=380s
[ssw] trial 39/500  best=-573.405 eV  minima=35  elapsed=389s
[ssw] trial 40/500  best=-573.405 eV  minima=36  elapsed=392s
[ssw] trial 41/500  best=-573.405 eV  minima=37  elapsed=401s
[ssw] trial 42/500  best=-573.405 eV  minima=38  elapsed=410s
[ssw] trial 43/500  best=-573.405 eV  minima=39  elapsed=415s
[ssw] trial 44/500  best=-573.405 eV  minima=40  elapsed=431s
[ssw] trial 45/500  best=-573.405 eV  minima=41  elapsed=437s
[ssw] trial 46/500  best=-573.405 eV  minima=42  elapsed=446s
[ssw] trial 47/500  best=-573.405 eV  minima=43  elapsed=457s
[ssw] trial 48/500  best=-573.405 eV  minima=44  elapsed=462s
[ssw] trial 49/500  best=-573.405 eV  minima=45  elapsed=466s
[ssw] trial 50/500  best=-573.405 eV  minima=46  elapsed=477s
[ssw] trial 51/500  best=-573.405 eV  minima=47  elapsed=491s
[ssw] trial 52/500  best=-573.405 eV  minima=48  elapsed=499s
[ssw] trial 53/500  best=-573.405 eV  minima=49  elapsed=502s
[ssw] trial 54/500  best=-573.405 eV  minima=50  elapsed=516s
[ssw] trial 55/500  best=-573.405 eV  minima=51  elapsed=525s
[ssw] trial 56/500  best=-573.405 eV  minima=52  elapsed=538s
[ssw] trial 57/500  best=-573.405 eV  minima=53  elapsed=553s
[ssw] trial 58/500  best=-573.405 eV  minima=54  elapsed=558s
[ssw] trial 59/500  best=-573.405 eV  minima=55  elapsed=572s
[ssw] trial 60/500  best=-573.405 eV  minima=56  elapsed=584s
[ssw] trial 61/500  best=-573.405 eV  minima=57  elapsed=592s
[ssw] trial 62/500  best=-573.405 eV  minima=58  elapsed=600s
[ssw] trial 63/500  best=-573.405 eV  minima=59  elapsed=609s
[ssw] trial 64/500  best=-573.405 eV  minima=60  elapsed=618s
[ssw] trial 65/500  best=-573.616 eV  minima=61  elapsed=626s
[ssw] trial 66/500  best=-573.616 eV  minima=62  elapsed=638s
[ssw] trial 67/500  best=-573.616 eV  minima=63  elapsed=649s
[ssw] trial 68/500  best=-573.616 eV  minima=64  elapsed=664s
[ssw] trial 69/500  best=-573.616 eV  minima=64  elapsed=668s
[ssw] trial 70/500  best=-573.616 eV  minima=65  elapsed=684s
[ssw] trial 71/500  best=-573.616 eV  minima=66  elapsed=695s
[ssw] trial 72/500  best=-573.616 eV  minima=67  elapsed=704s
[ssw] trial 73/500  best=-573.616 eV  minima=68  elapsed=716s
[ssw] trial 74/500  best=-573.616 eV  minima=69  elapsed=725s
[ssw] trial 75/500  best=-573.616 eV  minima=70  elapsed=738s
[ssw] trial 76/500  best=-573.616 eV  minima=71  elapsed=748s
[ssw] trial 77/500  best=-573.616 eV  minima=72  elapsed=757s
[ssw] trial 78/500  best=-573.616 eV  minima=73  elapsed=765s
[ssw] trial 79/500  best=-573.616 eV  minima=74  elapsed=773s
[ssw] trial 80/500  best=-573.616 eV  minima=75  elapsed=782s
[ssw] trial 81/500  best=-573.616 eV  minima=76  elapsed=795s
[ssw] trial 82/500  best=-573.616 eV  minima=77  elapsed=805s
[ssw] trial 83/500  best=-573.616 eV  minima=78  elapsed=818s
[ssw] trial 84/500  best=-573.616 eV  minima=79  elapsed=828s
[ssw] trial 85/500  best=-573.616 eV  minima=79  elapsed=832s
[ssw] trial 86/500  best=-573.616 eV  minima=80  elapsed=840s
[ssw] trial 87/500  best=-573.616 eV  minima=81  elapsed=850s
[ssw] trial 88/500  best=-573.616 eV  minima=82  elapsed=854s
[ssw] trial 89/500  best=-573.616 eV  minima=83  elapsed=865s
[ssw] trial 90/500  best=-573.616 eV  minima=83  elapsed=868s
[ssw] trial 91/500  best=-573.616 eV  minima=84  elapsed=878s
[ssw] trial 92/500  best=-573.616 eV  minima=85  elapsed=888s
[ssw] trial 93/500  best=-573.963 eV  minima=86  elapsed=899s
[ssw] trial 94/500  best=-573.963 eV  minima=87  elapsed=911s
[ssw] trial 95/500  best=-573.963 eV  minima=88  elapsed=925s
[ssw] trial 96/500  best=-573.963 eV  minima=89  elapsed=931s
[ssw] trial 97/500  best=-573.963 eV  minima=90  elapsed=944s
[ssw] trial 98/500  best=-573.963 eV  minima=91  elapsed=952s
[ssw] trial 99/500  best=-573.963 eV  minima=91  elapsed=956s
[ssw] trial 100/500  best=-573.963 eV  minima=91  elapsed=956s
[ssw] trial 101/500  best=-573.963 eV  minima=92  elapsed=962s
[ssw] trial 102/500  best=-573.963 eV  minima=93  elapsed=976s
[ssw] trial 103/500  best=-573.963 eV  minima=94  elapsed=985s
[ssw] trial 104/500  best=-573.963 eV  minima=95  elapsed=993s
[ssw] trial 105/500  best=-573.963 eV  minima=96  elapsed=1005s
[ssw] trial 106/500  best=-573.963 eV  minima=97  elapsed=1017s
[ssw] trial 107/500  best=-573.963 eV  minima=98  elapsed=1027s
[ssw] trial 108/500  best=-573.963 eV  minima=99  elapsed=1042s
[ssw] trial 109/500  best=-573.963 eV  minima=100  elapsed=1052s
[ssw] trial 110/500  best=-573.963 eV  minima=101  elapsed=1061s
[ssw] trial 111/500  best=-573.963 eV  minima=102  elapsed=1067s
[ssw] trial 112/500  best=-573.963 eV  minima=103  elapsed=1073s
[ssw] trial 113/500  best=-573.963 eV  minima=104  elapsed=1083s
[ssw] trial 114/500  best=-573.963 eV  minima=105  elapsed=1093s
[ssw] trial 115/500  best=-573.963 eV  minima=106  elapsed=1102s
[ssw] trial 116/500  best=-573.963 eV  minima=107  elapsed=1112s
[ssw] trial 117/500  best=-573.963 eV  minima=108  elapsed=1121s
[ssw] trial 118/500  best=-573.963 eV  minima=108  elapsed=1122s
[ssw] trial 119/500  best=-573.963 eV  minima=109  elapsed=1131s
[ssw] trial 120/500  best=-573.963 eV  minima=110  elapsed=1134s
[ssw] trial 121/500  best=-574.108 eV  minima=111  elapsed=1139s
[ssw] trial 122/500  best=-574.108 eV  minima=112  elapsed=1153s
[ssw] trial 123/500  best=-574.108 eV  minima=113  elapsed=1165s
[ssw] trial 124/500  best=-574.108 eV  minima=114  elapsed=1179s
[ssw] trial 125/500  best=-574.108 eV  minima=115  elapsed=1187s
[ssw] trial 126/500  best=-574.108 eV  minima=115  elapsed=1188s
[ssw] trial 127/500  best=-574.108 eV  minima=116  elapsed=1195s
[ssw] trial 128/500  best=-574.108 eV  minima=117  elapsed=1205s
[ssw] trial 129/500  best=-574.108 eV  minima=118  elapsed=1213s
[ssw] trial 130/500  best=-574.108 eV  minima=119  elapsed=1226s
[ssw] trial 131/500  best=-574.108 eV  minima=120  elapsed=1234s
[ssw] trial 132/500  best=-574.108 eV  minima=121  elapsed=1244s
[ssw] trial 133/500  best=-574.108 eV  minima=122  elapsed=1252s
[ssw] trial 134/500  best=-574.108 eV  minima=123  elapsed=1265s
[ssw] trial 135/500  best=-574.108 eV  minima=124  elapsed=1282s
[ssw] trial 136/500  best=-574.108 eV  minima=125  elapsed=1287s
[ssw] trial 137/500  best=-574.108 eV  minima=125  elapsed=1291s
[ssw] trial 138/500  best=-574.108 eV  minima=126  elapsed=1300s
[ssw] trial 139/500  best=-574.108 eV  minima=127  elapsed=1304s
[ssw] trial 140/500  best=-574.108 eV  minima=127  elapsed=1304s
[ssw] trial 141/500  best=-574.108 eV  minima=128  elapsed=1314s
[ssw] trial 142/500  best=-574.108 eV  minima=129  elapsed=1335s
[ssw] trial 143/500  best=-574.108 eV  minima=130  elapsed=1343s
[ssw] trial 144/500  best=-574.108 eV  minima=131  elapsed=1354s
[ssw] trial 145/500  best=-574.108 eV  minima=132  elapsed=1368s
[ssw] trial 146/500  best=-574.108 eV  minima=133  elapsed=1385s
[ssw] trial 147/500  best=-574.108 eV  minima=133  elapsed=1386s
[ssw] trial 148/500  best=-574.108 eV  minima=134  elapsed=1399s
[ssw] trial 149/500  best=-574.108 eV  minima=135  elapsed=1414s
[ssw] trial 150/500  best=-574.108 eV  minima=136  elapsed=1421s
[ssw] trial 151/500  best=-574.108 eV  minima=137  elapsed=1431s
[ssw] trial 152/500  best=-574.108 eV  minima=138  elapsed=1447s
[ssw] trial 153/500  best=-574.108 eV  minima=139  elapsed=1452s
[ssw] trial 154/500  best=-574.108 eV  minima=140  elapsed=1459s
[ssw] trial 155/500  best=-574.108 eV  minima=140  elapsed=1463s
[ssw] trial 156/500  best=-574.108 eV  minima=140  elapsed=1464s
[ssw] trial 157/500  best=-574.108 eV  minima=141  elapsed=1473s
[ssw] trial 158/500  best=-574.108 eV  minima=142  elapsed=1481s
[ssw] trial 159/500  best=-574.108 eV  minima=143  elapsed=1490s
[ssw] trial 160/500  best=-574.108 eV  minima=144  elapsed=1499s
[ssw] trial 161/500  best=-574.108 eV  minima=145  elapsed=1509s
[ssw] trial 162/500  best=-574.108 eV  minima=146  elapsed=1515s
[ssw] trial 163/500  best=-574.108 eV  minima=146  elapsed=1515s
[ssw] trial 164/500  best=-574.108 eV  minima=147  elapsed=1534s
[ssw] trial 165/500  best=-574.108 eV  minima=148  elapsed=1540s
[ssw] trial 166/500  best=-574.108 eV  minima=149  elapsed=1550s
[ssw] trial 167/500  best=-574.108 eV  minima=150  elapsed=1559s
[ssw] trial 168/500  best=-574.108 eV  minima=150  elapsed=1560s
[ssw] trial 169/500  best=-574.108 eV  minima=151  elapsed=1572s
[ssw] trial 170/500  best=-574.108 eV  minima=152  elapsed=1582s
[ssw] trial 171/500  best=-574.108 eV  minima=153  elapsed=1593s
[ssw] trial 172/500  best=-574.108 eV  minima=154  elapsed=1604s
[ssw] trial 173/500  best=-574.108 eV  minima=154  elapsed=1605s
[ssw] trial 174/500  best=-574.108 eV  minima=155  elapsed=1615s
[ssw] trial 175/500  best=-574.108 eV  minima=156  elapsed=1624s
[ssw] trial 176/500  best=-574.108 eV  minima=157  elapsed=1634s
[ssw] trial 177/500  best=-574.108 eV  minima=158  elapsed=1643s
[ssw] trial 178/500  best=-574.108 eV  minima=158  elapsed=1644s
[ssw] trial 179/500  best=-574.108 eV  minima=159  elapsed=1653s
[ssw] trial 180/500  best=-574.108 eV  minima=160  elapsed=1662s
[ssw] trial 181/500  best=-574.108 eV  minima=161  elapsed=1673s
[ssw] trial 182/500  best=-574.108 eV  minima=162  elapsed=1680s
[ssw] trial 183/500  best=-574.108 eV  minima=163  elapsed=1696s
[ssw] trial 184/500  best=-574.108 eV  minima=164  elapsed=1703s
[ssw] trial 185/500  best=-574.108 eV  minima=165  elapsed=1715s
[ssw] trial 186/500  best=-574.108 eV  minima=166  elapsed=1728s
[ssw] trial 187/500  best=-574.108 eV  minima=167  elapsed=1733s
[ssw] trial 188/500  best=-574.108 eV  minima=168  elapsed=1743s
[ssw] trial 189/500  best=-574.108 eV  minima=168  elapsed=1747s
[ssw] trial 190/500  best=-574.108 eV  minima=169  elapsed=1750s
[ssw] trial 191/500  best=-574.108 eV  minima=170  elapsed=1763s
[ssw] trial 192/500  best=-574.108 eV  minima=171  elapsed=1773s
[ssw] trial 193/500  best=-574.108 eV  minima=172  elapsed=1783s
[ssw] trial 194/500  best=-574.108 eV  minima=172  elapsed=1783s
[ssw] trial 195/500  best=-574.108 eV  minima=173  elapsed=1792s
[ssw] trial 196/500  best=-574.108 eV  minima=174  elapsed=1805s
[ssw] trial 197/500  best=-574.108 eV  minima=175  elapsed=1811s
[ssw] trial 198/500  best=-574.108 eV  minima=176  elapsed=1821s
[ssw] trial 199/500  best=-574.108 eV  minima=176  elapsed=1824s
[ssw] trial 200/500  best=-574.108 eV  minima=177  elapsed=1834s
[ssw] trial 201/500  best=-574.108 eV  minima=178  elapsed=1844s
[ssw] trial 202/500  best=-574.108 eV  minima=179  elapsed=1849s
[ssw] trial 203/500  best=-574.108 eV  minima=180  elapsed=1857s
[ssw] trial 204/500  best=-574.108 eV  minima=180  elapsed=1858s
[ssw] trial 205/500  best=-574.347 eV  minima=181  elapsed=1866s
[ssw] trial 206/500  best=-574.347 eV  minima=181  elapsed=1867s
[ssw] trial 207/500  best=-574.347 eV  minima=182  elapsed=1880s
[ssw] trial 208/500  best=-574.347 eV  minima=183  elapsed=1894s
[ssw] trial 209/500  best=-574.347 eV  minima=184  elapsed=1906s
[ssw] trial 210/500  best=-574.347 eV  minima=185  elapsed=1913s
[ssw] trial 211/500  best=-574.347 eV  minima=185  elapsed=1914s
[ssw] trial 212/500  best=-574.347 eV  minima=186  elapsed=1925s
[ssw] trial 213/500  best=-574.347 eV  minima=187  elapsed=1938s
[ssw] trial 214/500  best=-574.347 eV  minima=188  elapsed=1947s
[ssw] trial 215/500  best=-574.347 eV  minima=189  elapsed=1952s
[ssw] trial 216/500  best=-574.347 eV  minima=190  elapsed=1961s
[ssw] trial 217/500  best=-574.347 eV  minima=191  elapsed=1973s
[ssw] trial 218/500  best=-574.347 eV  minima=192  elapsed=1988s
[ssw] trial 219/500  best=-574.347 eV  minima=193  elapsed=1997s
[ssw] trial 220/500  best=-574.347 eV  minima=194  elapsed=2008s
[ssw] trial 221/500  best=-574.347 eV  minima=195  elapsed=2017s
[ssw] trial 222/500  best=-574.347 eV  minima=195  elapsed=2021s
[ssw] trial 223/500  best=-574.347 eV  minima=196  elapsed=2030s
[ssw] trial 224/500  best=-574.347 eV  minima=196  elapsed=2031s
[ssw] trial 225/500  best=-574.347 eV  minima=197  elapsed=2041s
[ssw] trial 226/500  best=-574.347 eV  minima=198  elapsed=2050s
[ssw] trial 227/500  best=-574.347 eV  minima=199  elapsed=2058s
[ssw] trial 228/500  best=-574.347 eV  minima=200  elapsed=2064s
[ssw] trial 229/500  best=-574.347 eV  minima=201  elapsed=2069s
[ssw] trial 230/500  best=-574.347 eV  minima=201  elapsed=2073s
[ssw] trial 231/500  best=-574.347 eV  minima=202  elapsed=2081s
[ssw] trial 232/500  best=-574.347 eV  minima=203  elapsed=2091s
[ssw] trial 233/500  best=-574.347 eV  minima=204  elapsed=2106s
[ssw] trial 234/500  best=-574.347 eV  minima=205  elapsed=2116s
[ssw] trial 235/500  best=-574.347 eV  minima=206  elapsed=2129s
[ssw] trial 236/500  best=-574.347 eV  minima=207  elapsed=2141s
[ssw] trial 237/500  best=-574.347 eV  minima=208  elapsed=2151s
[ssw] trial 238/500  best=-574.347 eV  minima=209  elapsed=2167s
[ssw] trial 239/500  best=-574.347 eV  minima=210  elapsed=2179s
[ssw] trial 240/500  best=-574.347 eV  minima=211  elapsed=2191s
[ssw] trial 241/500  best=-574.347 eV  minima=212  elapsed=2201s
[ssw] trial 242/500  best=-574.347 eV  minima=213  elapsed=2213s
[ssw] trial 243/500  best=-574.347 eV  minima=214  elapsed=2223s
[ssw] trial 244/500  best=-574.347 eV  minima=215  elapsed=2232s
[ssw] trial 245/500  best=-574.347 eV  minima=216  elapsed=2246s
[ssw] trial 246/500  best=-574.347 eV  minima=216  elapsed=2247s
[ssw] trial 247/500  best=-574.347 eV  minima=217  elapsed=2256s
[ssw] trial 248/500  best=-574.347 eV  minima=218  elapsed=2266s
[ssw] trial 249/500  best=-574.347 eV  minima=219  elapsed=2276s
[ssw] trial 250/500  best=-574.347 eV  minima=220  elapsed=2293s
[ssw] trial 251/500  best=-574.347 eV  minima=221  elapsed=2306s
[ssw] trial 252/500  best=-574.347 eV  minima=222  elapsed=2322s
[ssw] trial 253/500  best=-574.347 eV  minima=223  elapsed=2327s
[ssw] trial 254/500  best=-574.347 eV  minima=224  elapsed=2337s
[ssw] trial 255/500  best=-574.347 eV  minima=225  elapsed=2345s
[ssw] trial 256/500  best=-574.347 eV  minima=226  elapsed=2357s
[ssw] trial 257/500  best=-574.445 eV  minima=227  elapsed=2370s
[ssw] trial 258/500  best=-574.445 eV  minima=228  elapsed=2382s
[ssw] trial 259/500  best=-574.445 eV  minima=229  elapsed=2392s
[ssw] trial 260/500  best=-574.445 eV  minima=230  elapsed=2401s
[ssw] trial 261/500  best=-574.445 eV  minima=231  elapsed=2406s
[ssw] trial 262/500  best=-574.445 eV  minima=232  elapsed=2414s
[ssw] trial 263/500  best=-574.611 eV  minima=233  elapsed=2421s
[ssw] trial 264/500  best=-574.611 eV  minima=234  elapsed=2430s
[ssw] trial 265/500  best=-574.611 eV  minima=235  elapsed=2438s
[ssw] trial 266/500  best=-574.611 eV  minima=236  elapsed=2447s
[ssw] trial 267/500  best=-574.611 eV  minima=237  elapsed=2456s
[ssw] trial 268/500  best=-574.611 eV  minima=238  elapsed=2461s
[ssw] trial 269/500  best=-574.611 eV  minima=239  elapsed=2465s
[ssw] trial 270/500  best=-574.611 eV  minima=240  elapsed=2472s
[ssw] trial 271/500  best=-574.611 eV  minima=241  elapsed=2484s
[ssw] trial 272/500  best=-574.611 eV  minima=242  elapsed=2495s
[ssw] trial 273/500  best=-574.611 eV  minima=243  elapsed=2507s
[ssw] trial 274/500  best=-574.611 eV  minima=244  elapsed=2516s
[ssw] trial 275/500  best=-574.611 eV  minima=245  elapsed=2525s
[ssw] trial 276/500  best=-574.611 eV  minima=246  elapsed=2534s
[ssw] trial 277/500  best=-574.611 eV  minima=247  elapsed=2542s
[ssw] trial 278/500  best=-574.611 eV  minima=248  elapsed=2551s
[ssw] trial 279/500  best=-574.611 eV  minima=249  elapsed=2561s
[ssw] trial 280/500  best=-574.611 eV  minima=250  elapsed=2570s
[ssw] trial 281/500  best=-574.611 eV  minima=251  elapsed=2575s
[ssw] trial 282/500  best=-574.611 eV  minima=252  elapsed=2588s
[ssw] trial 283/500  best=-574.611 eV  minima=253  elapsed=2601s
[ssw] trial 284/500  best=-574.611 eV  minima=254  elapsed=2609s
[ssw] trial 285/500  best=-574.611 eV  minima=255  elapsed=2615s
[ssw] trial 286/500  best=-574.611 eV  minima=256  elapsed=2628s
[ssw] trial 287/500  best=-574.611 eV  minima=257  elapsed=2637s
[ssw] trial 288/500  best=-574.611 eV  minima=258  elapsed=2646s
[ssw] trial 289/500  best=-574.611 eV  minima=258  elapsed=2648s
[ssw] trial 290/500  best=-574.611 eV  minima=258  elapsed=2649s
[ssw] trial 291/500  best=-574.611 eV  minima=259  elapsed=2658s
[ssw] trial 292/500  best=-574.611 eV  minima=260  elapsed=2668s
[ssw] trial 293/500  best=-574.611 eV  minima=261  elapsed=2674s
[ssw] trial 294/500  best=-574.611 eV  minima=261  elapsed=2675s
[ssw] trial 295/500  best=-574.611 eV  minima=262  elapsed=2680s
[ssw] trial 296/500  best=-574.611 eV  minima=263  elapsed=2690s
[ssw] trial 297/500  best=-574.611 eV  minima=264  elapsed=2695s
[ssw] trial 298/500  best=-574.611 eV  minima=264  elapsed=2696s
[ssw] trial 299/500  best=-574.611 eV  minima=265  elapsed=2706s
[ssw] trial 300/500  best=-574.611 eV  minima=266  elapsed=2719s
[ssw] trial 301/500  best=-574.611 eV  minima=266  elapsed=2720s
[ssw] trial 302/500  best=-574.611 eV  minima=267  elapsed=2729s
[ssw] trial 303/500  best=-574.611 eV  minima=268  elapsed=2734s
[ssw] trial 304/500  best=-574.611 eV  minima=269  elapsed=2740s
[ssw] trial 305/500  best=-574.611 eV  minima=269  elapsed=2741s
[ssw] trial 306/500  best=-574.611 eV  minima=269  elapsed=2745s
[ssw] trial 307/500  best=-574.611 eV  minima=270  elapsed=2754s
[ssw] trial 308/500  best=-574.611 eV  minima=271  elapsed=2767s
[ssw] trial 309/500  best=-574.611 eV  minima=272  elapsed=2781s
[ssw] trial 310/500  best=-574.611 eV  minima=273  elapsed=2790s
[ssw] trial 311/500  best=-574.611 eV  minima=273  elapsed=2792s
[ssw] trial 312/500  best=-574.611 eV  minima=274  elapsed=2801s
[ssw] trial 313/500  best=-574.611 eV  minima=274  elapsed=2802s
[ssw] trial 314/500  best=-574.611 eV  minima=275  elapsed=2808s
[ssw] trial 315/500  best=-574.611 eV  minima=276  elapsed=2818s
[ssw] trial 316/500  best=-574.611 eV  minima=277  elapsed=2826s
[ssw] trial 317/500  best=-574.611 eV  minima=278  elapsed=2835s
[ssw] trial 318/500  best=-574.611 eV  minima=279  elapsed=2848s
[ssw] trial 319/500  best=-574.611 eV  minima=280  elapsed=2856s
[ssw] trial 320/500  best=-574.611 eV  minima=281  elapsed=2862s
[ssw] trial 321/500  best=-574.611 eV  minima=282  elapsed=2871s
[ssw] trial 322/500  best=-574.611 eV  minima=283  elapsed=2879s
[ssw] trial 323/500  best=-574.611 eV  minima=284  elapsed=2890s
[ssw] trial 324/500  best=-574.729 eV  minima=285  elapsed=2899s
[ssw] trial 325/500  best=-574.729 eV  minima=285  elapsed=2900s
[ssw] trial 326/500  best=-574.729 eV  minima=286  elapsed=2913s
[ssw] trial 327/500  best=-574.729 eV  minima=287  elapsed=2925s
[ssw] trial 328/500  best=-574.729 eV  minima=288  elapsed=2934s
[ssw] trial 329/500  best=-574.729 eV  minima=289  elapsed=2947s
[ssw] trial 330/500  best=-574.729 eV  minima=290  elapsed=2955s
[ssw] trial 331/500  best=-574.729 eV  minima=291  elapsed=2974s
[ssw] trial 332/500  best=-574.729 eV  minima=292  elapsed=2986s
[ssw] trial 333/500  best=-574.729 eV  minima=293  elapsed=2998s
[ssw] trial 334/500  best=-574.729 eV  minima=294  elapsed=3012s
[ssw] trial 335/500  best=-574.729 eV  minima=295  elapsed=3028s
[ssw] trial 336/500  best=-574.729 eV  minima=296  elapsed=3038s
[ssw] trial 337/500  best=-574.729 eV  minima=297  elapsed=3048s
[ssw] trial 338/500  best=-574.729 eV  minima=298  elapsed=3058s
[ssw] trial 339/500  best=-574.729 eV  minima=298  elapsed=3059s
[ssw] trial 340/500  best=-574.729 eV  minima=299  elapsed=3071s
[ssw] trial 341/500  best=-574.729 eV  minima=300  elapsed=3091s
[ssw] trial 342/500  best=-574.729 eV  minima=301  elapsed=3096s
[ssw] trial 343/500  best=-574.729 eV  minima=301  elapsed=3100s
[ssw] trial 344/500  best=-574.729 eV  minima=302  elapsed=3111s
[ssw] trial 345/500  best=-574.729 eV  minima=303  elapsed=3125s
[ssw] trial 346/500  best=-574.729 eV  minima=304  elapsed=3131s
[ssw] trial 347/500  best=-574.729 eV  minima=305  elapsed=3143s
[ssw] trial 348/500  best=-574.729 eV  minima=306  elapsed=3149s
[ssw] trial 349/500  best=-574.729 eV  minima=307  elapsed=3160s
[ssw] trial 350/500  best=-574.729 eV  minima=308  elapsed=3176s
[ssw] trial 351/500  best=-574.729 eV  minima=309  elapsed=3187s
[ssw] trial 352/500  best=-574.729 eV  minima=310  elapsed=3198s
[ssw] trial 353/500  best=-574.729 eV  minima=311  elapsed=3215s
[ssw] trial 354/500  best=-574.729 eV  minima=312  elapsed=3226s
[ssw] trial 355/500  best=-574.729 eV  minima=313  elapsed=3238s
[ssw] trial 356/500  best=-574.729 eV  minima=314  elapsed=3252s
[ssw] trial 357/500  best=-574.729 eV  minima=315  elapsed=3269s
[ssw] trial 358/500  best=-574.729 eV  minima=316  elapsed=3291s
[ssw] trial 359/500  best=-574.729 eV  minima=317  elapsed=3305s
[ssw] trial 360/500  best=-574.729 eV  minima=318  elapsed=3317s
[ssw] trial 361/500  best=-574.729 eV  minima=319  elapsed=3326s
[ssw] trial 362/500  best=-574.729 eV  minima=320  elapsed=3344s
[ssw] trial 363/500  best=-574.729 eV  minima=321  elapsed=3363s
[ssw] trial 364/500  best=-574.729 eV  minima=322  elapsed=3374s
[ssw] trial 365/500  best=-574.729 eV  minima=323  elapsed=3380s
[ssw] trial 366/500  best=-574.729 eV  minima=324  elapsed=3395s
[ssw] trial 367/500  best=-574.729 eV  minima=325  elapsed=3409s
[ssw] trial 368/500  best=-574.729 eV  minima=326  elapsed=3420s
[ssw] trial 369/500  best=-574.729 eV  minima=327  elapsed=3429s
[ssw] trial 370/500  best=-574.729 eV  minima=328  elapsed=3440s
[ssw] trial 371/500  best=-574.729 eV  minima=329  elapsed=3452s
[ssw] trial 372/500  best=-574.729 eV  minima=330  elapsed=3459s
[ssw] trial 373/500  best=-574.729 eV  minima=331  elapsed=3468s
[ssw] trial 374/500  best=-574.729 eV  minima=332  elapsed=3479s
[ssw] trial 375/500  best=-574.729 eV  minima=333  elapsed=3489s
[ssw] trial 376/500  best=-574.729 eV  minima=334  elapsed=3507s
[ssw] trial 377/500  best=-575.213 eV  minima=335  elapsed=3517s
[ssw] trial 378/500  best=-575.213 eV  minima=336  elapsed=3527s
[ssw] trial 379/500  best=-575.213 eV  minima=337  elapsed=3532s
[ssw] trial 380/500  best=-575.213 eV  minima=338  elapsed=3540s
[ssw] trial 381/500  best=-575.213 eV  minima=339  elapsed=3553s
[ssw] trial 382/500  best=-575.213 eV  minima=340  elapsed=3569s
[ssw] trial 383/500  best=-575.213 eV  minima=341  elapsed=3579s
[ssw] trial 384/500  best=-575.213 eV  minima=342  elapsed=3589s
[ssw] trial 385/500  best=-575.213 eV  minima=343  elapsed=3595s
[ssw] trial 386/500  best=-575.213 eV  minima=344  elapsed=3606s
[ssw] trial 387/500  best=-575.213 eV  minima=345  elapsed=3613s
[ssw] trial 388/500  best=-575.213 eV  minima=346  elapsed=3629s
[ssw] trial 389/500  best=-575.213 eV  minima=347  elapsed=3638s
[ssw] trial 390/500  best=-575.213 eV  minima=348  elapsed=3647s
[ssw] trial 391/500  best=-575.213 eV  minima=349  elapsed=3657s
[ssw] trial 392/500  best=-575.213 eV  minima=350  elapsed=3664s
[ssw] trial 393/500  best=-575.213 eV  minima=351  elapsed=3672s
[ssw] trial 394/500  best=-575.213 eV  minima=352  elapsed=3688s
[ssw] trial 395/500  best=-575.213 eV  minima=352  elapsed=3693s
[ssw] trial 396/500  best=-575.213 eV  minima=353  elapsed=3703s
[ssw] trial 397/500  best=-575.213 eV  minima=354  elapsed=3715s
[ssw] trial 398/500  best=-575.213 eV  minima=355  elapsed=3726s
[ssw] trial 399/500  best=-575.213 eV  minima=356  elapsed=3736s
[ssw] trial 400/500  best=-575.213 eV  minima=357  elapsed=3747s
[ssw] trial 401/500  best=-575.213 eV  minima=358  elapsed=3758s
[ssw] trial 402/500  best=-575.213 eV  minima=359  elapsed=3766s
[ssw] trial 403/500  best=-575.213 eV  minima=360  elapsed=3774s
[ssw] trial 404/500  best=-575.213 eV  minima=361  elapsed=3787s
[ssw] trial 405/500  best=-575.213 eV  minima=361  elapsed=3791s
[ssw] trial 406/500  best=-575.213 eV  minima=361  elapsed=3792s
[ssw] trial 407/500  best=-575.213 eV  minima=362  elapsed=3804s
[ssw] trial 408/500  best=-575.213 eV  minima=363  elapsed=3817s
[ssw] trial 409/500  best=-575.213 eV  minima=364  elapsed=3826s
[ssw] trial 410/500  best=-575.213 eV  minima=364  elapsed=3830s
[ssw] trial 411/500  best=-575.213 eV  minima=365  elapsed=3843s
[ssw] trial 412/500  best=-575.213 eV  minima=366  elapsed=3853s
[ssw] trial 413/500  best=-575.308 eV  minima=367  elapsed=3862s
[ssw] trial 414/500  best=-575.308 eV  minima=368  elapsed=3876s
[ssw] trial 415/500  best=-575.308 eV  minima=369  elapsed=3886s
[ssw] trial 416/500  best=-575.308 eV  minima=369  elapsed=3891s
[ssw] trial 417/500  best=-575.308 eV  minima=370  elapsed=3901s
[ssw] trial 418/500  best=-575.308 eV  minima=371  elapsed=3915s
[ssw] trial 419/500  best=-575.308 eV  minima=372  elapsed=3933s
[ssw] trial 420/500  best=-575.308 eV  minima=373  elapsed=3940s
[ssw] trial 421/500  best=-575.308 eV  minima=374  elapsed=3953s
[ssw] trial 422/500  best=-575.308 eV  minima=374  elapsed=3955s
[ssw] trial 423/500  best=-575.308 eV  minima=375  elapsed=3971s
[ssw] trial 424/500  best=-575.308 eV  minima=376  elapsed=3983s
[ssw] trial 425/500  best=-575.308 eV  minima=377  elapsed=3996s
[ssw] trial 426/500  best=-575.308 eV  minima=378  elapsed=4006s
[ssw] trial 427/500  best=-575.308 eV  minima=379  elapsed=4014s
[ssw] trial 428/500  best=-575.308 eV  minima=380  elapsed=4028s
[ssw] trial 429/500  best=-575.308 eV  minima=381  elapsed=4033s
[ssw] trial 430/500  best=-575.308 eV  minima=382  elapsed=4047s
[ssw] trial 431/500  best=-575.308 eV  minima=383  elapsed=4061s
[ssw] trial 432/500  best=-575.308 eV  minima=384  elapsed=4079s
[ssw] trial 433/500  best=-575.308 eV  minima=385  elapsed=4091s
[ssw] trial 434/500  best=-575.308 eV  minima=386  elapsed=4102s
[ssw] trial 435/500  best=-575.308 eV  minima=387  elapsed=4113s
[ssw] trial 436/500  best=-575.308 eV  minima=388  elapsed=4125s
[ssw] trial 437/500  best=-575.308 eV  minima=389  elapsed=4140s
[ssw] trial 438/500  best=-575.308 eV  minima=390  elapsed=4152s
[ssw] trial 439/500  best=-575.308 eV  minima=391  elapsed=4164s
[ssw] trial 440/500  best=-575.308 eV  minima=392  elapsed=4179s
[ssw] trial 441/500  best=-575.308 eV  minima=393  elapsed=4192s
[ssw] trial 442/500  best=-575.308 eV  minima=394  elapsed=4203s
[ssw] trial 443/500  best=-575.308 eV  minima=395  elapsed=4214s
[ssw] trial 444/500  best=-575.308 eV  minima=396  elapsed=4224s
[ssw] trial 445/500  best=-575.308 eV  minima=397  elapsed=4234s
[ssw] trial 446/500  best=-575.308 eV  minima=398  elapsed=4250s
[ssw] trial 447/500  best=-575.308 eV  minima=399  elapsed=4264s
[ssw] trial 448/500  best=-575.308 eV  minima=400  elapsed=4278s
[ssw] trial 449/500  best=-575.308 eV  minima=401  elapsed=4288s
[ssw] trial 450/500  best=-575.308 eV  minima=402  elapsed=4302s
[ssw] trial 451/500  best=-575.308 eV  minima=403  elapsed=4314s
[ssw] trial 452/500  best=-575.308 eV  minima=404  elapsed=4326s
[ssw] trial 453/500  best=-575.308 eV  minima=404  elapsed=4327s
[ssw] trial 454/500  best=-575.308 eV  minima=405  elapsed=4341s
[ssw] trial 455/500  best=-575.308 eV  minima=406  elapsed=4359s
[ssw] trial 456/500  best=-575.308 eV  minima=407  elapsed=4376s
[ssw] trial 457/500  best=-575.308 eV  minima=408  elapsed=4389s
[ssw] trial 458/500  best=-575.308 eV  minima=409  elapsed=4398s
[ssw] trial 459/500  best=-575.308 eV  minima=410  elapsed=4410s
[ssw] trial 460/500  best=-575.308 eV  minima=411  elapsed=4428s
[ssw] trial 461/500  best=-575.308 eV  minima=412  elapsed=4443s
[ssw] trial 462/500  best=-575.308 eV  minima=413  elapsed=4463s
[ssw] trial 463/500  best=-575.308 eV  minima=414  elapsed=4475s
[ssw] trial 464/500  best=-575.308 eV  minima=415  elapsed=4482s
[ssw] trial 465/500  best=-575.308 eV  minima=416  elapsed=4492s
[ssw] trial 466/500  best=-575.308 eV  minima=417  elapsed=4508s
[ssw] trial 467/500  best=-575.308 eV  minima=418  elapsed=4519s
[ssw] trial 468/500  best=-575.308 eV  minima=419  elapsed=4529s
[ssw] trial 469/500  best=-575.308 eV  minima=420  elapsed=4541s
[ssw] trial 470/500  best=-575.308 eV  minima=421  elapsed=4553s
[ssw] trial 471/500  best=-575.308 eV  minima=422  elapsed=4564s
[ssw] trial 472/500  best=-575.308 eV  minima=423  elapsed=4574s
[ssw] trial 473/500  best=-575.308 eV  minima=423  elapsed=4576s
[ssw] trial 474/500  best=-575.308 eV  minima=424  elapsed=4588s
[ssw] trial 475/500  best=-575.308 eV  minima=425  elapsed=4605s
[ssw] trial 476/500  best=-575.308 eV  minima=426  elapsed=4615s
[ssw] trial 477/500  best=-575.308 eV  minima=427  elapsed=4627s
[ssw] trial 478/500  best=-575.308 eV  minima=428  elapsed=4640s
[ssw] trial 479/500  best=-575.308 eV  minima=429  elapsed=4652s
[ssw] trial 480/500  best=-575.308 eV  minima=430  elapsed=4664s
[ssw] trial 481/500  best=-575.308 eV  minima=431  elapsed=4676s
[ssw] trial 482/500  best=-575.308 eV  minima=432  elapsed=4694s
[ssw] trial 483/500  best=-575.308 eV  minima=433  elapsed=4705s
[ssw] trial 484/500  best=-575.308 eV  minima=434  elapsed=4711s
[ssw] trial 485/500  best=-575.308 eV  minima=435  elapsed=4724s
[ssw] trial 486/500  best=-575.308 eV  minima=436  elapsed=4738s
[ssw] trial 487/500  best=-575.308 eV  minima=437  elapsed=4747s
[ssw] trial 488/500  best=-575.308 eV  minima=438  elapsed=4761s
[ssw] trial 489/500  best=-575.308 eV  minima=439  elapsed=4777s
[ssw] trial 490/500  best=-575.308 eV  minima=440  elapsed=4788s
[ssw] trial 491/500  best=-575.308 eV  minima=441  elapsed=4801s
[ssw] trial 492/500  best=-575.308 eV  minima=442  elapsed=4813s
[ssw] trial 493/500  best=-575.308 eV  minima=443  elapsed=4823s
[ssw] trial 494/500  best=-575.308 eV  minima=444  elapsed=4835s
[ssw] trial 495/500  best=-575.308 eV  minima=445  elapsed=4842s
[ssw] trial 496/500  best=-575.308 eV  minima=446  elapsed=4853s
[ssw] trial 497/500  best=-575.308 eV  minima=447  elapsed=4868s
[ssw] trial 498/500  best=-575.308 eV  minima=447  elapsed=4870s
[ssw] trial 499/500  best=-575.308 eV  minima=448  elapsed=4881s
[ssw] trial 500/500  best=-575.308 eV  minima=449  elapsed=4895s
[ssw] done: 500 trials, 449 minima, best=-575.308 eV, elapsed=4895s
/root/bin/mace-0.3.14/mace/calculators/mace.py:199: UserWarning: Environment variable TORCH_FORCE_NO_WEIGHTS_ONLY_LOAD detected, since the`weights_only` argument was not explicitly passed to `torch.load`, forcing weights_only=False.
  torch.load(f=model_path, map_location=device)
/root/bin/mace-0.3.14/mace/modules/models.py:509: FutureWarning: `torch.cuda.amp.autocast(args...)` is deprecated. Please use `torch.amp.autocast('cuda', args...)` instead.
  with autocast(enabled=use_amp, dtype=torch.bfloat16):
Using head omat_pbe out of ['omat_pbe']
Default dtype float32 does not match model dtype float64, converting models to float32.
Setting inference mode to: enable_amp = False
[ssw] starting 500 trials...
[ssw] trial 1/500  best=-570.419 eV  minima=2  elapsed=10s
[ssw] trial 2/500  best=-570.750 eV  minima=3  elapsed=19s
[ssw] trial 3/500  best=-570.758 eV  minima=4  elapsed=27s
[ssw] trial 4/500  best=-570.809 eV  minima=5  elapsed=36s
[ssw] trial 5/500  best=-570.988 eV  minima=6  elapsed=45s
[ssw] trial 6/500  best=-571.182 eV  minima=7  elapsed=53s
[ssw] trial 7/500  best=-571.369 eV  minima=8  elapsed=62s
[ssw] trial 8/500  best=-571.389 eV  minima=9  elapsed=71s
[ssw] trial 9/500  best=-571.389 eV  minima=10  elapsed=82s
[ssw] trial 10/500  best=-571.389 eV  minima=11  elapsed=91s
[ssw] trial 11/500  best=-571.389 eV  minima=12  elapsed=101s
[ssw] trial 12/500  best=-571.589 eV  minima=13  elapsed=111s
[ssw] trial 13/500  best=-571.589 eV  minima=13  elapsed=112s
[ssw] trial 14/500  best=-572.560 eV  minima=14  elapsed=122s
[ssw] trial 15/500  best=-572.560 eV  minima=14  elapsed=122s
[ssw] trial 16/500  best=-572.560 eV  minima=15  elapsed=131s
[ssw] trial 17/500  best=-572.711 eV  minima=16  elapsed=139s
[ssw] trial 18/500  best=-572.711 eV  minima=16  elapsed=139s
[ssw] trial 19/500  best=-572.711 eV  minima=17  elapsed=148s
[ssw] trial 20/500  best=-572.711 eV  minima=18  elapsed=156s
[ssw] trial 21/500  best=-572.752 eV  minima=19  elapsed=165s
[ssw] trial 22/500  best=-572.941 eV  minima=20  elapsed=173s
[ssw] trial 23/500  best=-572.941 eV  minima=21  elapsed=181s
[ssw] trial 24/500  best=-572.941 eV  minima=22  elapsed=189s
[ssw] trial 25/500  best=-572.941 eV  minima=23  elapsed=197s
[ssw] trial 26/500  best=-573.128 eV  minima=24  elapsed=205s
[ssw] trial 27/500  best=-573.128 eV  minima=25  elapsed=214s
[ssw] trial 28/500  best=-573.128 eV  minima=26  elapsed=222s
[ssw] trial 29/500  best=-573.128 eV  minima=27  elapsed=231s
[ssw] trial 30/500  best=-573.128 eV  minima=28  elapsed=240s
[ssw] trial 31/500  best=-573.128 eV  minima=29  elapsed=248s
[ssw] trial 32/500  best=-573.128 eV  minima=30  elapsed=255s
[ssw] trial 33/500  best=-573.128 eV  minima=31  elapsed=259s
[ssw] trial 34/500  best=-573.128 eV  minima=32  elapsed=268s
[ssw] trial 35/500  best=-573.128 eV  minima=33  elapsed=276s
[ssw] trial 36/500  best=-573.128 eV  minima=34  elapsed=285s
[ssw] trial 37/500  best=-573.128 eV  minima=35  elapsed=290s
[ssw] trial 38/500  best=-573.128 eV  minima=36  elapsed=298s
[ssw] trial 39/500  best=-573.128 eV  minima=37  elapsed=306s
[ssw] trial 40/500  best=-573.128 eV  minima=38  elapsed=314s
[ssw] trial 41/500  best=-573.132 eV  minima=39  elapsed=323s
[ssw] trial 42/500  best=-573.132 eV  minima=40  elapsed=331s
[ssw] trial 43/500  best=-573.132 eV  minima=41  elapsed=340s
[ssw] trial 44/500  best=-573.132 eV  minima=42  elapsed=349s
[ssw] trial 45/500  best=-573.132 eV  minima=42  elapsed=357s
[ssw] trial 46/500  best=-573.132 eV  minima=43  elapsed=365s
[ssw] trial 47/500  best=-573.132 eV  minima=44  elapsed=373s
[ssw] trial 48/500  best=-573.132 eV  minima=45  elapsed=381s
[ssw] trial 49/500  best=-573.132 eV  minima=46  elapsed=389s
[ssw] trial 50/500  best=-573.132 eV  minima=47  elapsed=397s
[ssw] trial 51/500  best=-573.132 eV  minima=48  elapsed=405s
[ssw] trial 52/500  best=-573.132 eV  minima=48  elapsed=413s
[ssw] trial 53/500  best=-573.132 eV  minima=49  elapsed=421s
[ssw] trial 54/500  best=-573.132 eV  minima=50  elapsed=430s
[ssw] trial 55/500  best=-573.132 eV  minima=51  elapsed=438s
[ssw] trial 56/500  best=-573.132 eV  minima=52  elapsed=447s
[ssw] trial 57/500  best=-573.132 eV  minima=53  elapsed=455s
[ssw] trial 58/500  best=-573.132 eV  minima=54  elapsed=464s
[ssw] trial 59/500  best=-573.132 eV  minima=55  elapsed=471s
[ssw] trial 60/500  best=-573.132 eV  minima=55  elapsed=479s
[ssw] trial 61/500  best=-573.132 eV  minima=55  elapsed=487s
[ssw] trial 62/500  best=-573.132 eV  minima=56  elapsed=495s
[ssw] trial 63/500  best=-573.132 eV  minima=57  elapsed=505s
[ssw] trial 64/500  best=-573.132 eV  minima=58  elapsed=513s
[ssw] trial 65/500  best=-573.132 eV  minima=59  elapsed=522s
[ssw] trial 66/500  best=-573.132 eV  minima=60  elapsed=529s
[ssw] trial 67/500  best=-573.132 eV  minima=61  elapsed=538s
[ssw] trial 68/500  best=-573.132 eV  minima=62  elapsed=546s
[ssw] trial 69/500  best=-573.132 eV  minima=63  elapsed=555s
[ssw] trial 70/500  best=-573.132 eV  minima=64  elapsed=563s
[ssw] trial 71/500  best=-573.132 eV  minima=64  elapsed=571s
[ssw] trial 72/500  best=-573.132 eV  minima=65  elapsed=581s
[ssw] trial 73/500  best=-573.132 eV  minima=66  elapsed=589s
[ssw] trial 74/500  best=-573.132 eV  minima=67  elapsed=597s
[ssw] trial 75/500  best=-573.132 eV  minima=68  elapsed=606s
[ssw] trial 76/500  best=-573.132 eV  minima=69  elapsed=614s
[ssw] trial 77/500  best=-573.132 eV  minima=70  elapsed=618s
[ssw] trial 78/500  best=-573.132 eV  minima=71  elapsed=627s
[ssw] trial 79/500  best=-573.132 eV  minima=72  elapsed=635s
[ssw] trial 80/500  best=-573.132 eV  minima=73  elapsed=642s
[ssw] trial 81/500  best=-573.132 eV  minima=74  elapsed=650s
[ssw] trial 82/500  best=-573.132 eV  minima=74  elapsed=658s
[ssw] trial 83/500  best=-573.132 eV  minima=74  elapsed=659s
[ssw] trial 84/500  best=-573.132 eV  minima=74  elapsed=660s
[ssw] trial 85/500  best=-573.132 eV  minima=75  elapsed=667s
[ssw] trial 86/500  best=-573.132 eV  minima=76  elapsed=676s
[ssw] trial 87/500  best=-573.132 eV  minima=77  elapsed=684s
[ssw] trial 88/500  best=-573.132 eV  minima=78  elapsed=689s
[ssw] trial 89/500  best=-573.132 eV  minima=79  elapsed=698s
[ssw] trial 90/500  best=-573.132 eV  minima=80  elapsed=707s
[ssw] trial 91/500  best=-573.132 eV  minima=81  elapsed=715s
[ssw] trial 92/500  best=-573.132 eV  minima=82  elapsed=724s
[ssw] trial 93/500  best=-573.132 eV  minima=83  elapsed=732s
[ssw] trial 94/500  best=-573.132 eV  minima=84  elapsed=741s
[ssw] trial 95/500  best=-573.132 eV  minima=85  elapsed=747s
[ssw] trial 96/500  best=-573.132 eV  minima=86  elapsed=757s
[ssw] trial 97/500  best=-573.132 eV  minima=87  elapsed=766s
[ssw] trial 98/500  best=-573.133 eV  minima=88  elapsed=769s
[ssw] trial 99/500  best=-573.133 eV  minima=88  elapsed=777s
[ssw] trial 100/500  best=-573.133 eV  minima=89  elapsed=785s
[ssw] trial 101/500  best=-573.133 eV  minima=90  elapsed=794s
[ssw] trial 102/500  best=-573.133 eV  minima=90  elapsed=803s
[ssw] trial 103/500  best=-573.133 eV  minima=91  elapsed=812s
[ssw] trial 104/500  best=-573.133 eV  minima=92  elapsed=820s
[ssw] trial 105/500  best=-573.133 eV  minima=92  elapsed=821s
[ssw] trial 106/500  best=-573.133 eV  minima=93  elapsed=829s
[ssw] trial 107/500  best=-573.133 eV  minima=93  elapsed=830s
[ssw] trial 108/500  best=-573.133 eV  minima=93  elapsed=839s
[ssw] trial 109/500  best=-573.133 eV  minima=94  elapsed=847s
[ssw] trial 110/500  best=-573.133 eV  minima=95  elapsed=855s
[ssw] trial 111/500  best=-573.133 eV  minima=96  elapsed=864s
[ssw] trial 112/500  best=-573.133 eV  minima=97  elapsed=873s
[ssw] trial 113/500  best=-573.133 eV  minima=98  elapsed=881s
[ssw] trial 114/500  best=-573.133 eV  minima=99  elapsed=889s
[ssw] trial 115/500  best=-573.133 eV  minima=99  elapsed=890s
[ssw] trial 116/500  best=-573.133 eV  minima=100  elapsed=892s
[ssw] trial 117/500  best=-573.133 eV  minima=101  elapsed=901s
[ssw] trial 118/500  best=-573.133 eV  minima=102  elapsed=910s
[ssw] trial 119/500  best=-573.133 eV  minima=103  elapsed=919s
[ssw] trial 120/500  best=-573.133 eV  minima=104  elapsed=927s
[ssw] trial 121/500  best=-573.133 eV  minima=104  elapsed=936s
[ssw] trial 122/500  best=-573.133 eV  minima=105  elapsed=943s
[ssw] trial 123/500  best=-573.133 eV  minima=105  elapsed=952s
[ssw] trial 124/500  best=-573.133 eV  minima=106  elapsed=959s
[ssw] trial 125/500  best=-573.133 eV  minima=107  elapsed=967s
[ssw] trial 126/500  best=-573.133 eV  minima=108  elapsed=974s
[ssw] trial 127/500  best=-573.133 eV  minima=109  elapsed=982s
[ssw] trial 128/500  best=-573.133 eV  minima=110  elapsed=991s
[ssw] trial 129/500  best=-573.133 eV  minima=111  elapsed=999s
[ssw] trial 130/500  best=-573.298 eV  minima=112  elapsed=1007s
[ssw] trial 131/500  best=-573.298 eV  minima=113  elapsed=1018s
[ssw] trial 132/500  best=-573.298 eV  minima=113  elapsed=1027s
[ssw] trial 133/500  best=-573.298 eV  minima=114  elapsed=1035s
[ssw] trial 134/500  best=-573.334 eV  minima=115  elapsed=1043s
[ssw] trial 135/500  best=-573.334 eV  minima=116  elapsed=1051s
[ssw] trial 136/500  best=-573.334 eV  minima=116  elapsed=1060s
[ssw] trial 137/500  best=-573.334 eV  minima=117  elapsed=1069s
[ssw] trial 138/500  best=-573.528 eV  minima=118  elapsed=1078s
[ssw] trial 139/500  best=-573.528 eV  minima=119  elapsed=1085s
[ssw] trial 140/500  best=-573.528 eV  minima=120  elapsed=1094s
[ssw] trial 141/500  best=-573.528 eV  minima=121  elapsed=1102s
[ssw] trial 142/500  best=-573.528 eV  minima=122  elapsed=1111s
[ssw] trial 143/500  best=-573.528 eV  minima=123  elapsed=1122s
[ssw] trial 144/500  best=-573.528 eV  minima=124  elapsed=1133s
[ssw] trial 145/500  best=-573.528 eV  minima=124  elapsed=1134s
[ssw] trial 146/500  best=-573.528 eV  minima=124  elapsed=1135s
[ssw] trial 147/500  best=-573.528 eV  minima=125  elapsed=1145s
[ssw] trial 148/500  best=-573.528 eV  minima=126  elapsed=1153s
[ssw] trial 149/500  best=-573.528 eV  minima=127  elapsed=1161s
[ssw] trial 150/500  best=-573.528 eV  minima=128  elapsed=1170s
[ssw] trial 151/500  best=-573.528 eV  minima=129  elapsed=1179s
[ssw] trial 152/500  best=-573.528 eV  minima=130  elapsed=1187s
[ssw] trial 153/500  best=-573.528 eV  minima=130  elapsed=1196s
[ssw] trial 154/500  best=-573.528 eV  minima=131  elapsed=1205s
[ssw] trial 155/500  best=-573.528 eV  minima=132  elapsed=1213s
[ssw] trial 156/500  best=-573.528 eV  minima=133  elapsed=1216s
[ssw] trial 157/500  best=-573.528 eV  minima=134  elapsed=1222s
[ssw] trial 158/500  best=-573.528 eV  minima=135  elapsed=1233s
[ssw] trial 159/500  best=-573.528 eV  minima=136  elapsed=1241s
[ssw] trial 160/500  best=-573.528 eV  minima=136  elapsed=1251s
[ssw] trial 161/500  best=-573.528 eV  minima=137  elapsed=1258s
[ssw] trial 162/500  best=-573.528 eV  minima=138  elapsed=1263s
[ssw] trial 163/500  best=-573.534 eV  minima=139  elapsed=1272s
[ssw] trial 164/500  best=-573.534 eV  minima=140  elapsed=1281s
[ssw] trial 165/500  best=-573.534 eV  minima=140  elapsed=1289s
[ssw] trial 166/500  best=-573.534 eV  minima=141  elapsed=1299s
[ssw] trial 167/500  best=-573.534 eV  minima=142  elapsed=1308s
[ssw] trial 168/500  best=-573.534 eV  minima=143  elapsed=1317s
[ssw] trial 169/500  best=-573.534 eV  minima=144  elapsed=1326s
[ssw] trial 170/500  best=-573.534 eV  minima=144  elapsed=1326s
[ssw] trial 171/500  best=-573.534 eV  minima=145  elapsed=1335s
[ssw] trial 172/500  best=-574.398 eV  minima=146  elapsed=1343s
[ssw] trial 173/500  best=-574.398 eV  minima=147  elapsed=1351s
[ssw] trial 174/500  best=-574.398 eV  minima=147  elapsed=1359s
[ssw] trial 175/500  best=-574.471 eV  minima=148  elapsed=1368s
[ssw] trial 176/500  best=-574.471 eV  minima=149  elapsed=1377s
[ssw] trial 177/500  best=-574.471 eV  minima=149  elapsed=1384s
[ssw] trial 178/500  best=-574.471 eV  minima=150  elapsed=1393s
[ssw] trial 179/500  best=-574.471 eV  minima=151  elapsed=1402s
[ssw] trial 180/500  best=-574.471 eV  minima=152  elapsed=1411s
[ssw] trial 181/500  best=-574.471 eV  minima=153  elapsed=1420s
[ssw] trial 182/500  best=-574.471 eV  minima=154  elapsed=1429s
[ssw] trial 183/500  best=-574.471 eV  minima=155  elapsed=1438s
[ssw] trial 184/500  best=-574.471 eV  minima=156  elapsed=1446s
[ssw] trial 185/500  best=-574.471 eV  minima=157  elapsed=1454s
[ssw] trial 186/500  best=-574.471 eV  minima=158  elapsed=1463s
[ssw] trial 187/500  best=-574.471 eV  minima=159  elapsed=1471s
[ssw] trial 188/500  best=-574.471 eV  minima=160  elapsed=1479s
[ssw] trial 189/500  best=-574.471 eV  minima=161  elapsed=1487s
[ssw] trial 190/500  best=-574.471 eV  minima=162  elapsed=1495s
[ssw] trial 191/500  best=-574.471 eV  minima=163  elapsed=1504s
[ssw] trial 192/500  best=-574.471 eV  minima=164  elapsed=1512s
[ssw] trial 193/500  best=-574.471 eV  minima=165  elapsed=1521s
[ssw] trial 194/500  best=-574.471 eV  minima=166  elapsed=1529s
[ssw] trial 195/500  best=-574.471 eV  minima=167  elapsed=1537s
[ssw] trial 196/500  best=-574.471 eV  minima=168  elapsed=1545s
[ssw] trial 197/500  best=-574.471 eV  minima=169  elapsed=1553s
[ssw] trial 198/500  best=-574.471 eV  minima=170  elapsed=1561s
[ssw] trial 199/500  best=-574.471 eV  minima=171  elapsed=1570s
[ssw] trial 200/500  best=-574.471 eV  minima=172  elapsed=1578s
[ssw] trial 201/500  best=-574.471 eV  minima=173  elapsed=1586s
[ssw] trial 202/500  best=-574.471 eV  minima=174  elapsed=1595s
[ssw] trial 203/500  best=-574.471 eV  minima=175  elapsed=1603s
[ssw] trial 204/500  best=-574.471 eV  minima=176  elapsed=1611s
[ssw] trial 205/500  best=-574.471 eV  minima=177  elapsed=1619s
[ssw] trial 206/500  best=-574.471 eV  minima=178  elapsed=1628s
[ssw] trial 207/500  best=-574.471 eV  minima=179  elapsed=1637s
[ssw] trial 208/500  best=-574.546 eV  minima=180  elapsed=1645s
[ssw] trial 209/500  best=-574.576 eV  minima=181  elapsed=1654s
[ssw] trial 210/500  best=-574.576 eV  minima=182  elapsed=1662s
[ssw] trial 211/500  best=-574.576 eV  minima=183  elapsed=1671s
[ssw] trial 212/500  best=-574.576 eV  minima=184  elapsed=1680s
[ssw] trial 213/500  best=-574.785 eV  minima=185  elapsed=1688s
[ssw] trial 214/500  best=-574.785 eV  minima=186  elapsed=1696s
[ssw] trial 215/500  best=-574.785 eV  minima=187  elapsed=1706s
[ssw] trial 216/500  best=-574.785 eV  minima=188  elapsed=1715s
[ssw] trial 217/500  best=-574.785 eV  minima=189  elapsed=1723s
[ssw] trial 218/500  best=-574.785 eV  minima=190  elapsed=1732s
[ssw] trial 219/500  best=-574.785 eV  minima=190  elapsed=1740s
[ssw] trial 220/500  best=-574.785 eV  minima=191  elapsed=1748s
[ssw] trial 221/500  best=-574.785 eV  minima=192  elapsed=1756s
[ssw] trial 222/500  best=-574.785 eV  minima=193  elapsed=1765s
[ssw] trial 223/500  best=-574.785 eV  minima=194  elapsed=1774s
[ssw] trial 224/500  best=-574.785 eV  minima=195  elapsed=1782s
[ssw] trial 225/500  best=-574.785 eV  minima=196  elapsed=1791s
[ssw] trial 226/500  best=-574.785 eV  minima=196  elapsed=1800s
[ssw] trial 227/500  best=-574.785 eV  minima=197  elapsed=1808s
[ssw] trial 228/500  best=-574.785 eV  minima=198  elapsed=1810s
[ssw] trial 229/500  best=-574.785 eV  minima=199  elapsed=1819s
[ssw] trial 230/500  best=-574.785 eV  minima=200  elapsed=1827s
[ssw] trial 231/500  best=-574.785 eV  minima=201  elapsed=1836s
[ssw] trial 232/500  best=-574.785 eV  minima=202  elapsed=1845s
[ssw] trial 233/500  best=-574.785 eV  minima=203  elapsed=1854s
[ssw] trial 234/500  best=-574.785 eV  minima=204  elapsed=1862s
[ssw] trial 235/500  best=-574.785 eV  minima=204  elapsed=1871s
[ssw] trial 236/500  best=-574.785 eV  minima=205  elapsed=1879s
[ssw] trial 237/500  best=-574.785 eV  minima=206  elapsed=1888s
[ssw] trial 238/500  best=-574.785 eV  minima=207  elapsed=1896s
[ssw] trial 239/500  best=-574.785 eV  minima=208  elapsed=1905s
[ssw] trial 240/500  best=-574.785 eV  minima=208  elapsed=1914s
[ssw] trial 241/500  best=-574.785 eV  minima=209  elapsed=1922s
[ssw] trial 242/500  best=-574.785 eV  minima=210  elapsed=1931s
[ssw] trial 243/500  best=-574.785 eV  minima=211  elapsed=1939s
[ssw] trial 244/500  best=-574.785 eV  minima=212  elapsed=1947s
[ssw] trial 245/500  best=-574.785 eV  minima=213  elapsed=1956s
[ssw] trial 246/500  best=-574.785 eV  minima=214  elapsed=1964s
[ssw] trial 247/500  best=-574.785 eV  minima=215  elapsed=1972s
[ssw] trial 248/500  best=-574.785 eV  minima=216  elapsed=1980s
[ssw] trial 249/500  best=-574.785 eV  minima=217  elapsed=1989s
[ssw] trial 250/500  best=-574.785 eV  minima=218  elapsed=1998s
[ssw] trial 251/500  best=-574.785 eV  minima=218  elapsed=1999s
[ssw] trial 252/500  best=-574.785 eV  minima=219  elapsed=2008s
[ssw] trial 253/500  best=-574.958 eV  minima=220  elapsed=2016s
[ssw] trial 254/500  best=-574.958 eV  minima=221  elapsed=2025s
[ssw] trial 255/500  best=-574.965 eV  minima=222  elapsed=2033s
[ssw] trial 256/500  best=-575.190 eV  minima=223  elapsed=2042s
[ssw] trial 257/500  best=-575.194 eV  minima=224  elapsed=2050s
[ssw] trial 258/500  best=-575.293 eV  minima=225  elapsed=2058s
[ssw] trial 259/500  best=-575.756 eV  minima=226  elapsed=2068s
[ssw] trial 260/500  best=-575.756 eV  minima=227  elapsed=2076s
[ssw] trial 261/500  best=-575.758 eV  minima=228  elapsed=2085s
[ssw] trial 262/500  best=-575.758 eV  minima=229  elapsed=2094s
[ssw] trial 263/500  best=-575.760 eV  minima=230  elapsed=2103s
[ssw] trial 264/500  best=-575.761 eV  minima=231  elapsed=2112s
[ssw] trial 265/500  best=-575.761 eV  minima=232  elapsed=2120s
[ssw] trial 266/500  best=-575.761 eV  minima=232  elapsed=2129s
[ssw] trial 267/500  best=-575.761 eV  minima=232  elapsed=2129s
[ssw] trial 268/500  best=-575.761 eV  minima=233  elapsed=2139s
[ssw] trial 269/500  best=-575.761 eV  minima=234  elapsed=2148s
[ssw] trial 270/500  best=-575.761 eV  minima=235  elapsed=2157s
[ssw] trial 271/500  best=-575.761 eV  minima=236  elapsed=2166s
[ssw] trial 272/500  best=-575.761 eV  minima=237  elapsed=2176s
[ssw] trial 273/500  best=-575.761 eV  minima=238  elapsed=2185s
[ssw] trial 274/500  best=-575.761 eV  minima=239  elapsed=2194s
[ssw] trial 275/500  best=-575.761 eV  minima=240  elapsed=2203s
[ssw] trial 276/500  best=-575.761 eV  minima=241  elapsed=2211s
[ssw] trial 277/500  best=-575.761 eV  minima=242  elapsed=2220s
[ssw] trial 278/500  best=-575.761 eV  minima=243  elapsed=2230s
[ssw] trial 279/500  best=-575.761 eV  minima=244  elapsed=2238s
[ssw] trial 280/500  best=-575.761 eV  minima=245  elapsed=2248s
[ssw] trial 281/500  best=-575.761 eV  minima=245  elapsed=2249s
[ssw] trial 282/500  best=-575.761 eV  minima=246  elapsed=2258s
[ssw] trial 283/500  best=-575.761 eV  minima=246  elapsed=2266s
[ssw] trial 284/500  best=-575.761 eV  minima=247  elapsed=2275s
[ssw] trial 285/500  best=-575.761 eV  minima=248  elapsed=2284s
[ssw] trial 286/500  best=-575.761 eV  minima=249  elapsed=2292s
[ssw] trial 287/500  best=-575.761 eV  minima=250  elapsed=2301s
[ssw] trial 288/500  best=-575.761 eV  minima=251  elapsed=2309s
[ssw] trial 289/500  best=-575.762 eV  minima=252  elapsed=2318s
[ssw] trial 290/500  best=-575.762 eV  minima=253  elapsed=2326s
[ssw] trial 291/500  best=-575.762 eV  minima=254  elapsed=2335s
[ssw] trial 292/500  best=-575.762 eV  minima=255  elapsed=2344s
[ssw] trial 293/500  best=-575.762 eV  minima=256  elapsed=2352s
[ssw] trial 294/500  best=-575.762 eV  minima=256  elapsed=2361s
[ssw] trial 295/500  best=-575.762 eV  minima=257  elapsed=2369s
[ssw] trial 296/500  best=-575.762 eV  minima=258  elapsed=2378s
[ssw] trial 297/500  best=-575.762 eV  minima=259  elapsed=2388s
[ssw] trial 298/500  best=-575.762 eV  minima=260  elapsed=2396s
[ssw] trial 299/500  best=-575.762 eV  minima=261  elapsed=2405s
[ssw] trial 300/500  best=-575.762 eV  minima=262  elapsed=2414s
[ssw] trial 301/500  best=-575.762 eV  minima=263  elapsed=2422s
[ssw] trial 302/500  best=-575.762 eV  minima=264  elapsed=2432s
[ssw] trial 303/500  best=-575.762 eV  minima=265  elapsed=2435s
[ssw] trial 304/500  best=-575.762 eV  minima=266  elapsed=2444s
[ssw] trial 305/500  best=-575.762 eV  minima=267  elapsed=2454s
[ssw] trial 306/500  best=-575.762 eV  minima=268  elapsed=2464s
[ssw] trial 307/500  best=-575.762 eV  minima=269  elapsed=2474s
[ssw] trial 308/500  best=-575.762 eV  minima=270  elapsed=2484s
[ssw] trial 309/500  best=-575.762 eV  minima=271  elapsed=2493s
[ssw] trial 310/500  best=-575.762 eV  minima=272  elapsed=2502s
[ssw] trial 311/500  best=-575.762 eV  minima=273  elapsed=2511s
[ssw] trial 312/500  best=-575.762 eV  minima=274  elapsed=2519s
[ssw] trial 313/500  best=-575.762 eV  minima=275  elapsed=2528s
[ssw] trial 314/500  best=-575.762 eV  minima=276  elapsed=2536s
[ssw] trial 315/500  best=-575.762 eV  minima=277  elapsed=2545s
[ssw] trial 316/500  best=-575.762 eV  minima=278  elapsed=2553s
[ssw] trial 317/500  best=-575.762 eV  minima=279  elapsed=2560s
[ssw] trial 318/500  best=-575.762 eV  minima=280  elapsed=2569s
[ssw] trial 319/500  best=-575.762 eV  minima=281  elapsed=2578s
[ssw] trial 320/500  best=-575.762 eV  minima=281  elapsed=2579s
[ssw] trial 321/500  best=-575.762 eV  minima=282  elapsed=2588s
[ssw] trial 322/500  best=-575.762 eV  minima=283  elapsed=2597s
[ssw] trial 323/500  best=-575.762 eV  minima=284  elapsed=2606s
[ssw] trial 324/500  best=-575.762 eV  minima=284  elapsed=2614s
[ssw] trial 325/500  best=-575.762 eV  minima=285  elapsed=2624s
[ssw] trial 326/500  best=-575.762 eV  minima=286  elapsed=2632s
[ssw] trial 327/500  best=-575.762 eV  minima=287  elapsed=2641s
[ssw] trial 328/500  best=-575.762 eV  minima=288  elapsed=2651s
[ssw] trial 329/500  best=-575.762 eV  minima=289  elapsed=2660s
[ssw] trial 330/500  best=-575.762 eV  minima=289  elapsed=2669s
[ssw] trial 331/500  best=-575.762 eV  minima=290  elapsed=2679s
[ssw] trial 332/500  best=-575.762 eV  minima=291  elapsed=2688s
[ssw] trial 333/500  best=-575.762 eV  minima=292  elapsed=2698s
[ssw] trial 334/500  best=-575.762 eV  minima=293  elapsed=2707s
[ssw] trial 335/500  best=-575.762 eV  minima=294  elapsed=2716s
[ssw] trial 336/500  best=-575.949 eV  minima=295  elapsed=2727s
[ssw] trial 337/500  best=-575.973 eV  minima=296  elapsed=2736s
[ssw] trial 338/500  best=-575.979 eV  minima=297  elapsed=2745s
[ssw] trial 339/500  best=-575.990 eV  minima=298  elapsed=2754s
[ssw] trial 340/500  best=-575.990 eV  minima=299  elapsed=2763s
[ssw] trial 341/500  best=-575.990 eV  minima=300  elapsed=2772s
[ssw] trial 342/500  best=-575.990 eV  minima=301  elapsed=2780s
[ssw] trial 343/500  best=-575.990 eV  minima=302  elapsed=2790s
[ssw] trial 344/500  best=-575.990 eV  minima=302  elapsed=2798s
[ssw] trial 345/500  best=-575.990 eV  minima=303  elapsed=2808s
[ssw] trial 346/500  best=-575.991 eV  minima=304  elapsed=2816s
[ssw] trial 347/500  best=-575.991 eV  minima=305  elapsed=2824s
[ssw] trial 348/500  best=-575.991 eV  minima=305  elapsed=2833s
[ssw] trial 349/500  best=-576.091 eV  minima=306  elapsed=2842s
[ssw] trial 350/500  best=-576.106 eV  minima=307  elapsed=2851s
[ssw] trial 351/500  best=-576.106 eV  minima=308  elapsed=2860s
[ssw] trial 352/500  best=-576.106 eV  minima=309  elapsed=2869s
[ssw] trial 353/500  best=-576.106 eV  minima=310  elapsed=2878s
[ssw] trial 354/500  best=-576.106 eV  minima=311  elapsed=2888s
[ssw] trial 355/500  best=-576.106 eV  minima=312  elapsed=2897s
[ssw] trial 356/500  best=-576.106 eV  minima=312  elapsed=2906s
[ssw] trial 357/500  best=-576.106 eV  minima=313  elapsed=2915s
[ssw] trial 358/500  best=-576.106 eV  minima=314  elapsed=2924s
[ssw] trial 359/500  best=-576.106 eV  minima=315  elapsed=2933s
[ssw] trial 360/500  best=-576.106 eV  minima=316  elapsed=2943s
[ssw] trial 361/500  best=-576.106 eV  minima=317  elapsed=2948s
[ssw] trial 362/500  best=-576.106 eV  minima=317  elapsed=2957s
[ssw] trial 363/500  best=-576.106 eV  minima=318  elapsed=2966s
[ssw] trial 364/500  best=-576.106 eV  minima=319  elapsed=2974s
[ssw] trial 365/500  best=-576.106 eV  minima=320  elapsed=2983s
[ssw] trial 366/500  best=-576.106 eV  minima=321  elapsed=2992s
[ssw] trial 367/500  best=-576.106 eV  minima=322  elapsed=3001s
[ssw] trial 368/500  best=-576.106 eV  minima=322  elapsed=3002s
[ssw] trial 369/500  best=-576.106 eV  minima=323  elapsed=3012s
[ssw] trial 370/500  best=-576.106 eV  minima=324  elapsed=3021s
[ssw] trial 371/500  best=-576.106 eV  minima=325  elapsed=3031s
[ssw] trial 372/500  best=-576.106 eV  minima=326  elapsed=3040s
[ssw] trial 373/500  best=-576.106 eV  minima=326  elapsed=3041s
[ssw] trial 374/500  best=-576.106 eV  minima=327  elapsed=3044s
[ssw] trial 375/500  best=-576.106 eV  minima=328  elapsed=3054s
[ssw] trial 376/500  best=-576.106 eV  minima=329  elapsed=3066s
[ssw] trial 377/500  best=-576.106 eV  minima=330  elapsed=3074s
[ssw] trial 378/500  best=-576.106 eV  minima=331  elapsed=3084s
[ssw] trial 379/500  best=-576.106 eV  minima=332  elapsed=3093s
[ssw] trial 380/500  best=-576.106 eV  minima=333  elapsed=3102s
[ssw] trial 381/500  best=-576.106 eV  minima=334  elapsed=3110s
[ssw] trial 382/500  best=-576.106 eV  minima=335  elapsed=3119s
[ssw] trial 383/500  best=-576.106 eV  minima=335  elapsed=3128s
[ssw] trial 384/500  best=-576.106 eV  minima=336  elapsed=3137s
[ssw] trial 385/500  best=-576.106 eV  minima=337  elapsed=3146s
[ssw] trial 386/500  best=-576.106 eV  minima=338  elapsed=3155s
[ssw] trial 387/500  best=-576.106 eV  minima=339  elapsed=3164s
[ssw] trial 388/500  best=-576.106 eV  minima=340  elapsed=3173s
[ssw] trial 389/500  best=-576.106 eV  minima=341  elapsed=3182s
[ssw] trial 390/500  best=-576.106 eV  minima=342  elapsed=3191s
[ssw] trial 391/500  best=-576.106 eV  minima=343  elapsed=3200s
[ssw] trial 392/500  best=-576.106 eV  minima=344  elapsed=3210s
[ssw] trial 393/500  best=-576.110 eV  minima=345  elapsed=3220s
[ssw] trial 394/500  best=-576.181 eV  minima=346  elapsed=3230s
[ssw] trial 395/500  best=-576.181 eV  minima=347  elapsed=3240s
[ssw] trial 396/500  best=-576.181 eV  minima=348  elapsed=3249s
[ssw] trial 397/500  best=-576.181 eV  minima=348  elapsed=3257s
[ssw] trial 398/500  best=-576.181 eV  minima=349  elapsed=3266s
[ssw] trial 399/500  best=-576.181 eV  minima=350  elapsed=3276s
[ssw] trial 400/500  best=-576.181 eV  minima=351  elapsed=3286s
[ssw] trial 401/500  best=-576.181 eV  minima=351  elapsed=3296s
[ssw] trial 402/500  best=-576.181 eV  minima=351  elapsed=3299s
[ssw] trial 403/500  best=-576.186 eV  minima=352  elapsed=3308s
[ssw] trial 404/500  best=-576.186 eV  minima=352  elapsed=3309s
[ssw] trial 405/500  best=-576.186 eV  minima=353  elapsed=3318s
[ssw] trial 406/500  best=-576.186 eV  minima=353  elapsed=3327s
[ssw] trial 407/500  best=-576.186 eV  minima=353  elapsed=3336s
[ssw] trial 408/500  best=-576.186 eV  minima=354  elapsed=3345s
[ssw] trial 409/500  best=-576.186 eV  minima=355  elapsed=3350s
[ssw] trial 410/500  best=-576.186 eV  minima=356  elapsed=3356s
[ssw] trial 411/500  best=-576.186 eV  minima=356  elapsed=3366s
[ssw] trial 412/500  best=-576.186 eV  minima=356  elapsed=3376s
[ssw] trial 413/500  best=-576.186 eV  minima=356  elapsed=3385s
[ssw] trial 414/500  best=-576.186 eV  minima=356  elapsed=3394s
[ssw] trial 415/500  best=-576.186 eV  minima=357  elapsed=3403s
[ssw] trial 416/500  best=-576.186 eV  minima=357  elapsed=3412s
[ssw] trial 417/500  best=-576.186 eV  minima=357  elapsed=3421s
[ssw] trial 418/500  best=-576.186 eV  minima=358  elapsed=3430s
[ssw] trial 419/500  best=-576.186 eV  minima=358  elapsed=3439s
[ssw] trial 420/500  best=-576.186 eV  minima=359  elapsed=3449s
[ssw] trial 421/500  best=-576.186 eV  minima=359  elapsed=3457s
[ssw] trial 422/500  best=-576.186 eV  minima=359  elapsed=3466s
[ssw] trial 423/500  best=-576.186 eV  minima=359  elapsed=3476s
[ssw] trial 424/500  best=-576.186 eV  minima=359  elapsed=3486s
[ssw] trial 425/500  best=-576.186 eV  minima=359  elapsed=3496s
[ssw] trial 426/500  best=-576.795 eV  minima=360  elapsed=3506s
[ssw] trial 427/500  best=-576.795 eV  minima=360  elapsed=3507s
[ssw] trial 428/500  best=-576.795 eV  minima=360  elapsed=3509s
[ssw] trial 429/500  best=-576.795 eV  minima=361  elapsed=3518s
[ssw] trial 430/500  best=-576.795 eV  minima=362  elapsed=3528s
[ssw] trial 431/500  best=-576.795 eV  minima=363  elapsed=3537s
[ssw] trial 432/500  best=-576.795 eV  minima=363  elapsed=3546s
[ssw] trial 433/500  best=-576.795 eV  minima=364  elapsed=3557s
[ssw] trial 434/500  best=-576.795 eV  minima=365  elapsed=3566s
[ssw] trial 435/500  best=-576.795 eV  minima=366  elapsed=3576s
[ssw] trial 436/500  best=-576.795 eV  minima=366  elapsed=3583s
[ssw] trial 437/500  best=-576.795 eV  minima=366  elapsed=3593s
[ssw] trial 438/500  best=-576.795 eV  minima=366  elapsed=3601s
[ssw] trial 439/500  best=-576.795 eV  minima=366  elapsed=3611s
[ssw] trial 440/500  best=-576.795 eV  minima=367  elapsed=3622s
[ssw] trial 441/500  best=-576.795 eV  minima=368  elapsed=3632s
[ssw] trial 442/500  best=-576.795 eV  minima=369  elapsed=3641s
[ssw] trial 443/500  best=-576.795 eV  minima=370  elapsed=3645s
[ssw] trial 444/500  best=-576.795 eV  minima=371  elapsed=3654s
[ssw] trial 445/500  best=-576.795 eV  minima=372  elapsed=3664s
[ssw] trial 446/500  best=-576.795 eV  minima=373  elapsed=3675s
[ssw] trial 447/500  best=-576.795 eV  minima=374  elapsed=3684s
[ssw] trial 448/500  best=-576.795 eV  minima=375  elapsed=3693s
[ssw] trial 449/500  best=-576.795 eV  minima=376  elapsed=3702s
[ssw] trial 450/500  best=-576.795 eV  minima=377  elapsed=3711s
[ssw] trial 451/500  best=-576.795 eV  minima=377  elapsed=3720s
[ssw] trial 452/500  best=-576.795 eV  minima=377  elapsed=3721s
[ssw] trial 453/500  best=-576.852 eV  minima=378  elapsed=3731s
[ssw] trial 454/500  best=-576.852 eV  minima=379  elapsed=3740s
[ssw] trial 455/500  best=-576.852 eV  minima=380  elapsed=3745s
[ssw] trial 456/500  best=-576.852 eV  minima=381  elapsed=3754s
[ssw] trial 457/500  best=-576.852 eV  minima=382  elapsed=3763s
[ssw] trial 458/500  best=-576.852 eV  minima=383  elapsed=3773s
[ssw] trial 459/500  best=-576.852 eV  minima=383  elapsed=3782s
[ssw] trial 460/500  best=-576.852 eV  minima=384  elapsed=3792s
[ssw] trial 461/500  best=-576.852 eV  minima=385  elapsed=3802s
[ssw] trial 462/500  best=-576.852 eV  minima=386  elapsed=3805s
[ssw] trial 463/500  best=-576.852 eV  minima=387  elapsed=3815s
[ssw] trial 464/500  best=-576.852 eV  minima=388  elapsed=3824s
[ssw] trial 465/500  best=-576.852 eV  minima=388  elapsed=3833s
[ssw] trial 466/500  best=-576.852 eV  minima=388  elapsed=3843s
[ssw] trial 467/500  best=-576.852 eV  minima=388  elapsed=3852s
[ssw] trial 468/500  best=-576.852 eV  minima=388  elapsed=3861s
[ssw] trial 469/500  best=-576.852 eV  minima=389  elapsed=3870s
[ssw] trial 470/500  best=-576.853 eV  minima=390  elapsed=3880s
[ssw] trial 471/500  best=-576.853 eV  minima=391  elapsed=3889s
[ssw] trial 472/500  best=-576.853 eV  minima=392  elapsed=3899s
[ssw] trial 473/500  best=-576.853 eV  minima=393  elapsed=3908s
[ssw] trial 474/500  best=-576.853 eV  minima=394  elapsed=3918s
[ssw] trial 475/500  best=-576.853 eV  minima=395  elapsed=3927s
[ssw] trial 476/500  best=-576.853 eV  minima=395  elapsed=3936s
[ssw] trial 477/500  best=-576.853 eV  minima=396  elapsed=3945s
[ssw] trial 478/500  best=-576.853 eV  minima=396  elapsed=3946s
[ssw] trial 479/500  best=-576.853 eV  minima=396  elapsed=3955s
[ssw] trial 480/500  best=-576.853 eV  minima=397  elapsed=3964s
[ssw] trial 481/500  best=-576.853 eV  minima=397  elapsed=3973s
[ssw] trial 482/500  best=-576.853 eV  minima=397  elapsed=3982s
[ssw] trial 483/500  best=-576.853 eV  minima=397  elapsed=3991s
[ssw] trial 484/500  best=-576.853 eV  minima=397  elapsed=3993s
[ssw] trial 485/500  best=-576.853 eV  minima=398  elapsed=4003s
[ssw] trial 486/500  best=-576.853 eV  minima=399  elapsed=4013s
[ssw] trial 487/500  best=-576.853 eV  minima=400  elapsed=4023s
[ssw] trial 488/500  best=-576.853 eV  minima=401  elapsed=4026s
[ssw] trial 489/500  best=-576.853 eV  minima=402  elapsed=4037s
[ssw] trial 490/500  best=-576.853 eV  minima=403  elapsed=4046s
[ssw] trial 491/500  best=-576.853 eV  minima=404  elapsed=4050s
[ssw] trial 492/500  best=-576.853 eV  minima=404  elapsed=4052s
[ssw] trial 493/500  best=-576.853 eV  minima=405  elapsed=4062s
[ssw] trial 494/500  best=-576.853 eV  minima=406  elapsed=4071s
[ssw] trial 495/500  best=-576.853 eV  minima=407  elapsed=4080s
[ssw] trial 496/500  best=-576.853 eV  minima=407  elapsed=4090s
[ssw] trial 497/500  best=-576.853 eV  minima=407  elapsed=4100s
[ssw] trial 498/500  best=-576.853 eV  minima=408  elapsed=4109s
[ssw] trial 499/500  best=-576.853 eV  minima=409  elapsed=4118s
[ssw] trial 500/500  best=-576.853 eV  minima=409  elapsed=4120s
[ssw] done: 500 trials, 409 minima, best=-576.853 eV, elapsed=4120s
/root/bin/mace-0.3.14/mace/calculators/mace.py:199: UserWarning: Environment variable TORCH_FORCE_NO_WEIGHTS_ONLY_LOAD detected, since the`weights_only` argument was not explicitly passed to `torch.load`, forcing weights_only=False.
  torch.load(f=model_path, map_location=device)
/root/bin/mace-0.3.14/mace/modules/models.py:509: FutureWarning: `torch.cuda.amp.autocast(args...)` is deprecated. Please use `torch.amp.autocast('cuda', args...)` instead.
  with autocast(enabled=use_amp, dtype=torch.bfloat16):
Using head omat_pbe out of ['omat_pbe']
Default dtype float32 does not match model dtype float64, converting models to float32.
Setting inference mode to: enable_amp = False
[ssw] starting 500 trials...
[ssw] trial 1/500  best=-568.372 eV  minima=2  elapsed=2s
[ssw] trial 2/500  best=-568.372 eV  minima=2  elapsed=3s
[ssw] trial 3/500  best=-568.372 eV  minima=3  elapsed=6s
[ssw] trial 4/500  best=-568.372 eV  minima=3  elapsed=6s
[ssw] trial 5/500  best=-568.849 eV  minima=4  elapsed=13s
[ssw] trial 6/500  best=-568.849 eV  minima=4  elapsed=15s
[ssw] trial 7/500  best=-568.849 eV  minima=4  elapsed=16s
[ssw] trial 8/500  best=-570.151 eV  minima=5  elapsed=22s
[ssw] trial 9/500  best=-570.344 eV  minima=6  elapsed=29s
[ssw] trial 10/500  best=-570.344 eV  minima=7  elapsed=32s
[ssw] trial 11/500  best=-570.344 eV  minima=8  elapsed=38s
[ssw] trial 12/500  best=-570.344 eV  minima=9  elapsed=41s
[ssw] trial 13/500  best=-571.144 eV  minima=10  elapsed=45s
[ssw] trial 14/500  best=-571.144 eV  minima=10  elapsed=49s
[ssw] trial 15/500  best=-571.144 eV  minima=10  elapsed=50s
[ssw] trial 16/500  best=-571.144 eV  minima=11  elapsed=58s
[ssw] trial 17/500  best=-571.144 eV  minima=12  elapsed=60s
[ssw] trial 18/500  best=-571.144 eV  minima=13  elapsed=62s
[ssw] trial 19/500  best=-571.190 eV  minima=14  elapsed=67s
[ssw] trial 20/500  best=-571.190 eV  minima=15  elapsed=75s
[ssw] trial 21/500  best=-571.190 eV  minima=15  elapsed=79s
[ssw] trial 22/500  best=-571.190 eV  minima=15  elapsed=80s
[ssw] trial 23/500  best=-571.190 eV  minima=15  elapsed=82s
[ssw] trial 24/500  best=-571.190 eV  minima=16  elapsed=88s
[ssw] trial 25/500  best=-571.485 eV  minima=17  elapsed=90s
[ssw] trial 26/500  best=-571.487 eV  minima=18  elapsed=92s
[ssw] trial 27/500  best=-571.905 eV  minima=19  elapsed=97s
[ssw] trial 28/500  best=-571.907 eV  minima=20  elapsed=99s
[ssw] trial 29/500  best=-571.907 eV  minima=21  elapsed=103s
[ssw] trial 30/500  best=-571.907 eV  minima=21  elapsed=106s
[ssw] trial 31/500  best=-572.639 eV  minima=22  elapsed=113s
[ssw] trial 32/500  best=-572.639 eV  minima=23  elapsed=120s
[ssw] trial 33/500  best=-572.639 eV  minima=24  elapsed=128s
[ssw] trial 34/500  best=-572.639 eV  minima=25  elapsed=135s
[ssw] trial 35/500  best=-572.639 eV  minima=26  elapsed=138s
[ssw] trial 36/500  best=-572.639 eV  minima=27  elapsed=146s
[ssw] trial 37/500  best=-572.639 eV  minima=28  elapsed=153s
[ssw] trial 38/500  best=-572.639 eV  minima=28  elapsed=153s
[ssw] trial 39/500  best=-572.639 eV  minima=29  elapsed=157s
[ssw] trial 40/500  best=-572.639 eV  minima=30  elapsed=164s
[ssw] trial 41/500  best=-572.639 eV  minima=31  elapsed=167s
[ssw] trial 42/500  best=-572.639 eV  minima=32  elapsed=174s
[ssw] trial 43/500  best=-572.639 eV  minima=33  elapsed=178s
[ssw] trial 44/500  best=-572.639 eV  minima=34  elapsed=182s
[ssw] trial 45/500  best=-572.639 eV  minima=35  elapsed=189s
[ssw] trial 46/500  best=-572.639 eV  minima=36  elapsed=191s
[ssw] trial 47/500  best=-572.639 eV  minima=37  elapsed=198s
[ssw] trial 48/500  best=-572.854 eV  minima=38  elapsed=203s
[ssw] trial 49/500  best=-572.854 eV  minima=38  elapsed=205s
[ssw] trial 50/500  best=-572.854 eV  minima=39  elapsed=213s
[ssw] trial 51/500  best=-572.854 eV  minima=40  elapsed=221s
[ssw] trial 52/500  best=-572.854 eV  minima=40  elapsed=225s
[ssw] trial 53/500  best=-572.854 eV  minima=41  elapsed=232s
[ssw] trial 54/500  best=-572.854 eV  minima=42  elapsed=240s
[ssw] trial 55/500  best=-572.854 eV  minima=43  elapsed=248s
[ssw] trial 56/500  best=-572.854 eV  minima=43  elapsed=250s
[ssw] trial 57/500  best=-572.854 eV  minima=44  elapsed=259s
[ssw] trial 58/500  best=-572.854 eV  minima=45  elapsed=266s
[ssw] trial 59/500  best=-572.854 eV  minima=46  elapsed=271s
[ssw] trial 60/500  best=-572.854 eV  minima=47  elapsed=273s
[ssw] trial 61/500  best=-572.854 eV  minima=48  elapsed=275s
[ssw] trial 62/500  best=-572.854 eV  minima=49  elapsed=278s
[ssw] trial 63/500  best=-572.854 eV  minima=50  elapsed=285s
[ssw] trial 64/500  best=-572.854 eV  minima=51  elapsed=287s
[ssw] trial 65/500  best=-572.854 eV  minima=52  elapsed=289s
[ssw] trial 66/500  best=-572.854 eV  minima=53  elapsed=292s
[ssw] trial 67/500  best=-572.854 eV  minima=54  elapsed=296s
[ssw] trial 68/500  best=-572.854 eV  minima=54  elapsed=299s
[ssw] trial 69/500  best=-572.854 eV  minima=55  elapsed=302s
[ssw] trial 70/500  best=-572.854 eV  minima=56  elapsed=304s
[ssw] trial 71/500  best=-572.854 eV  minima=57  elapsed=311s
[ssw] trial 72/500  best=-572.854 eV  minima=58  elapsed=313s
[ssw] trial 73/500  best=-572.854 eV  minima=59  elapsed=321s
[ssw] trial 74/500  best=-572.854 eV  minima=60  elapsed=326s
[ssw] trial 75/500  best=-572.854 eV  minima=61  elapsed=327s
[ssw] trial 76/500  best=-572.854 eV  minima=62  elapsed=333s
[ssw] trial 77/500  best=-572.854 eV  minima=63  elapsed=340s
[ssw] trial 78/500  best=-572.854 eV  minima=63  elapsed=347s
[ssw] trial 79/500  best=-572.854 eV  minima=63  elapsed=349s
[ssw] trial 80/500  best=-572.854 eV  minima=64  elapsed=356s
[ssw] trial 81/500  best=-572.854 eV  minima=65  elapsed=359s
[ssw] trial 82/500  best=-572.854 eV  minima=66  elapsed=362s
[ssw] trial 83/500  best=-572.854 eV  minima=67  elapsed=368s
[ssw] trial 84/500  best=-572.854 eV  minima=68  elapsed=375s
[ssw] trial 85/500  best=-572.854 eV  minima=69  elapsed=382s
[ssw] trial 86/500  best=-572.854 eV  minima=70  elapsed=389s
[ssw] trial 87/500  best=-572.854 eV  minima=71  elapsed=397s
[ssw] trial 88/500  best=-572.854 eV  minima=72  elapsed=402s
[ssw] trial 89/500  best=-572.854 eV  minima=73  elapsed=404s
[ssw] trial 90/500  best=-573.644 eV  minima=74  elapsed=409s
[ssw] trial 91/500  best=-573.804 eV  minima=75  elapsed=412s
[ssw] trial 92/500  best=-573.804 eV  minima=75  elapsed=413s
[ssw] trial 93/500  best=-573.804 eV  minima=76  elapsed=419s
[ssw] trial 94/500  best=-573.804 eV  minima=76  elapsed=421s
[ssw] trial 95/500  best=-573.804 eV  minima=77  elapsed=425s
[ssw] trial 96/500  best=-573.804 eV  minima=78  elapsed=432s
[ssw] trial 97/500  best=-573.804 eV  minima=79  elapsed=440s
[ssw] trial 98/500  best=-573.804 eV  minima=80  elapsed=445s
[ssw] trial 99/500  best=-573.804 eV  minima=81  elapsed=447s
[ssw] trial 100/500  best=-573.804 eV  minima=81  elapsed=448s
[ssw] trial 101/500  best=-573.804 eV  minima=82  elapsed=454s
[ssw] trial 102/500  best=-573.804 eV  minima=83  elapsed=458s
[ssw] trial 103/500  best=-573.804 eV  minima=83  elapsed=462s
[ssw] trial 104/500  best=-573.804 eV  minima=84  elapsed=469s
[ssw] trial 105/500  best=-573.804 eV  minima=85  elapsed=477s
[ssw] trial 106/500  best=-573.804 eV  minima=85  elapsed=481s
[ssw] trial 107/500  best=-573.808 eV  minima=86  elapsed=483s
[ssw] trial 108/500  best=-573.808 eV  minima=87  elapsed=490s
[ssw] trial 109/500  best=-573.808 eV  minima=87  elapsed=492s
[ssw] trial 110/500  best=-573.808 eV  minima=88  elapsed=496s
[ssw] trial 111/500  best=-573.808 eV  minima=88  elapsed=497s
[ssw] trial 112/500  best=-573.808 eV  minima=88  elapsed=499s
[ssw] trial 113/500  best=-573.808 eV  minima=89  elapsed=507s
[ssw] trial 114/500  best=-573.808 eV  minima=90  elapsed=513s
[ssw] trial 115/500  best=-573.808 eV  minima=91  elapsed=514s
[ssw] trial 116/500  best=-573.808 eV  minima=92  elapsed=521s
[ssw] trial 117/500  best=-573.808 eV  minima=93  elapsed=523s
[ssw] trial 118/500  best=-573.808 eV  minima=94  elapsed=524s
[ssw] trial 119/500  best=-573.808 eV  minima=94  elapsed=526s
[ssw] trial 120/500  best=-573.808 eV  minima=94  elapsed=531s
[ssw] trial 121/500  best=-573.808 eV  minima=95  elapsed=535s
[ssw] trial 122/500  best=-573.808 eV  minima=96  elapsed=539s
[ssw] trial 123/500  best=-573.808 eV  minima=96  elapsed=540s
[ssw] trial 124/500  best=-573.808 eV  minima=97  elapsed=546s
[ssw] trial 125/500  best=-573.808 eV  minima=97  elapsed=548s
[ssw] trial 126/500  best=-573.808 eV  minima=98  elapsed=550s
[ssw] trial 127/500  best=-573.808 eV  minima=99  elapsed=555s
[ssw] trial 128/500  best=-573.808 eV  minima=100  elapsed=563s
[ssw] trial 129/500  best=-573.808 eV  minima=101  elapsed=571s
[ssw] trial 130/500  best=-573.808 eV  minima=102  elapsed=573s
[ssw] trial 131/500  best=-573.808 eV  minima=102  elapsed=575s
[ssw] trial 132/500  best=-573.808 eV  minima=103  elapsed=582s
[ssw] trial 133/500  best=-573.808 eV  minima=104  elapsed=590s
[ssw] trial 134/500  best=-573.808 eV  minima=105  elapsed=592s
[ssw] trial 135/500  best=-573.808 eV  minima=106  elapsed=599s
[ssw] trial 136/500  best=-573.808 eV  minima=107  elapsed=605s
[ssw] trial 137/500  best=-573.808 eV  minima=108  elapsed=613s
[ssw] trial 138/500  best=-573.808 eV  minima=109  elapsed=615s
[ssw] trial 139/500  best=-573.808 eV  minima=110  elapsed=617s
[ssw] trial 140/500  best=-573.808 eV  minima=111  elapsed=625s
[ssw] trial 141/500  best=-573.808 eV  minima=112  elapsed=632s
[ssw] trial 142/500  best=-573.808 eV  minima=113  elapsed=638s
[ssw] trial 143/500  best=-573.808 eV  minima=114  elapsed=644s
[ssw] trial 144/500  best=-573.808 eV  minima=115  elapsed=651s
[ssw] trial 145/500  best=-573.808 eV  minima=116  elapsed=661s
[ssw] trial 146/500  best=-573.808 eV  minima=117  elapsed=663s
[ssw] trial 147/500  best=-573.808 eV  minima=118  elapsed=666s
[ssw] trial 148/500  best=-573.808 eV  minima=119  elapsed=670s
[ssw] trial 149/500  best=-573.808 eV  minima=119  elapsed=674s
[ssw] trial 150/500  best=-573.808 eV  minima=120  elapsed=679s
[ssw] trial 151/500  best=-573.808 eV  minima=121  elapsed=681s
[ssw] trial 152/500  best=-573.808 eV  minima=122  elapsed=691s
[ssw] trial 153/500  best=-573.808 eV  minima=122  elapsed=692s
[ssw] trial 154/500  best=-573.809 eV  minima=123  elapsed=694s
[ssw] trial 155/500  best=-573.809 eV  minima=124  elapsed=699s
[ssw] trial 156/500  best=-573.809 eV  minima=125  elapsed=703s
[ssw] trial 157/500  best=-573.809 eV  minima=126  elapsed=711s
[ssw] trial 158/500  best=-573.809 eV  minima=127  elapsed=718s
[ssw] trial 159/500  best=-573.809 eV  minima=127  elapsed=721s
[ssw] trial 160/500  best=-573.809 eV  minima=128  elapsed=729s
[ssw] trial 161/500  best=-573.809 eV  minima=128  elapsed=731s
[ssw] trial 162/500  best=-573.809 eV  minima=129  elapsed=737s
[ssw] trial 163/500  best=-573.809 eV  minima=130  elapsed=745s
[ssw] trial 164/500  best=-573.809 eV  minima=130  elapsed=748s
[ssw] trial 165/500  best=-573.809 eV  minima=131  elapsed=751s
[ssw] trial 166/500  best=-573.809 eV  minima=132  elapsed=758s
[ssw] trial 167/500  best=-573.809 eV  minima=133  elapsed=760s
[ssw] trial 168/500  best=-573.809 eV  minima=134  elapsed=764s
[ssw] trial 169/500  best=-573.809 eV  minima=135  elapsed=767s
[ssw] trial 170/500  best=-573.809 eV  minima=136  elapsed=774s
[ssw] trial 171/500  best=-573.809 eV  minima=137  elapsed=782s
[ssw] trial 172/500  best=-573.809 eV  minima=138  elapsed=786s
[ssw] trial 173/500  best=-573.809 eV  minima=139  elapsed=793s
[ssw] trial 174/500  best=-573.809 eV  minima=139  elapsed=794s
[ssw] trial 175/500  best=-573.809 eV  minima=139  elapsed=795s
[ssw] trial 176/500  best=-573.809 eV  minima=139  elapsed=797s
[ssw] trial 177/500  best=-573.809 eV  minima=140  elapsed=804s
[ssw] trial 178/500  best=-573.809 eV  minima=140  elapsed=805s
[ssw] trial 179/500  best=-573.809 eV  minima=141  elapsed=807s
[ssw] trial 180/500  best=-573.809 eV  minima=141  elapsed=809s
[ssw] trial 181/500  best=-573.809 eV  minima=142  elapsed=814s
[ssw] trial 182/500  best=-573.809 eV  minima=143  elapsed=818s
[ssw] trial 183/500  best=-573.809 eV  minima=144  elapsed=825s
[ssw] trial 184/500  best=-573.809 eV  minima=145  elapsed=832s
[ssw] trial 185/500  best=-573.809 eV  minima=146  elapsed=838s
[ssw] trial 186/500  best=-574.902 eV  minima=147  elapsed=847s
[ssw] trial 187/500  best=-574.902 eV  minima=148  elapsed=854s
[ssw] trial 188/500  best=-574.902 eV  minima=148  elapsed=854s
[ssw] trial 189/500  best=-574.902 eV  minima=148  elapsed=856s
[ssw] trial 190/500  best=-574.902 eV  minima=149  elapsed=860s
[ssw] trial 191/500  best=-574.902 eV  minima=150  elapsed=869s
[ssw] trial 192/500  best=-574.902 eV  minima=150  elapsed=872s
[ssw] trial 193/500  best=-574.902 eV  minima=151  elapsed=878s
[ssw] trial 194/500  best=-574.902 eV  minima=151  elapsed=880s
[ssw] trial 195/500  best=-574.902 eV  minima=152  elapsed=885s
[ssw] trial 196/500  best=-574.902 eV  minima=153  elapsed=892s
[ssw] trial 197/500  best=-574.902 eV  minima=154  elapsed=899s
[ssw] trial 198/500  best=-574.902 eV  minima=155  elapsed=906s
[ssw] trial 199/500  best=-574.902 eV  minima=156  elapsed=908s
[ssw] trial 200/500  best=-574.902 eV  minima=157  elapsed=915s
[ssw] trial 201/500  best=-574.902 eV  minima=158  elapsed=923s
[ssw] trial 202/500  best=-574.902 eV  minima=159  elapsed=929s
[ssw] trial 203/500  best=-574.902 eV  minima=160  elapsed=933s
[ssw] trial 204/500  best=-574.902 eV  minima=161  elapsed=935s
[ssw] trial 205/500  best=-574.902 eV  minima=162  elapsed=937s
[ssw] trial 206/500  best=-574.902 eV  minima=163  elapsed=945s
[ssw] trial 207/500  best=-574.902 eV  minima=163  elapsed=945s
[ssw] trial 208/500  best=-574.902 eV  minima=164  elapsed=949s
[ssw] trial 209/500  best=-574.902 eV  minima=164  elapsed=951s
[ssw] trial 210/500  best=-574.902 eV  minima=165  elapsed=958s
[ssw] trial 211/500  best=-574.902 eV  minima=166  elapsed=962s
[ssw] trial 212/500  best=-574.902 eV  minima=167  elapsed=968s
[ssw] trial 213/500  best=-574.902 eV  minima=168  elapsed=975s
[ssw] trial 214/500  best=-574.902 eV  minima=168  elapsed=979s
[ssw] trial 215/500  best=-574.902 eV  minima=169  elapsed=986s
[ssw] trial 216/500  best=-574.902 eV  minima=170  elapsed=994s
[ssw] trial 217/500  best=-574.902 eV  minima=171  elapsed=1001s
[ssw] trial 218/500  best=-574.902 eV  minima=172  elapsed=1009s
[ssw] trial 219/500  best=-574.902 eV  minima=173  elapsed=1014s
[ssw] trial 220/500  best=-575.000 eV  minima=174  elapsed=1020s
[ssw] trial 221/500  best=-575.000 eV  minima=175  elapsed=1026s
[ssw] trial 222/500  best=-575.000 eV  minima=176  elapsed=1030s
[ssw] trial 223/500  best=-575.000 eV  minima=176  elapsed=1031s
[ssw] trial 224/500  best=-575.000 eV  minima=176  elapsed=1032s
[ssw] trial 225/500  best=-575.000 eV  minima=177  elapsed=1036s
[ssw] trial 226/500  best=-575.036 eV  minima=178  elapsed=1041s
[ssw] trial 227/500  best=-575.036 eV  minima=179  elapsed=1048s
[ssw] trial 228/500  best=-575.105 eV  minima=180  elapsed=1051s
[ssw] trial 229/500  best=-575.105 eV  minima=180  elapsed=1053s
[ssw] trial 230/500  best=-575.105 eV  minima=180  elapsed=1055s
[ssw] trial 231/500  best=-575.105 eV  minima=180  elapsed=1056s
[ssw] trial 232/500  best=-575.105 eV  minima=180  elapsed=1059s
[ssw] trial 233/500  best=-575.105 eV  minima=180  elapsed=1060s
[ssw] trial 234/500  best=-575.105 eV  minima=181  elapsed=1067s
[ssw] trial 235/500  best=-575.105 eV  minima=182  elapsed=1073s
[ssw] trial 236/500  best=-575.105 eV  minima=182  elapsed=1075s
[ssw] trial 237/500  best=-575.107 eV  minima=183  elapsed=1077s
[ssw] trial 238/500  best=-575.107 eV  minima=184  elapsed=1083s
[ssw] trial 239/500  best=-575.107 eV  minima=185  elapsed=1090s
[ssw] trial 240/500  best=-575.107 eV  minima=185  elapsed=1091s
[ssw] trial 241/500  best=-575.107 eV  minima=186  elapsed=1095s
[ssw] trial 242/500  best=-575.107 eV  minima=187  elapsed=1099s
[ssw] trial 243/500  best=-575.107 eV  minima=188  elapsed=1107s
[ssw] trial 244/500  best=-575.107 eV  minima=189  elapsed=1110s
[ssw] trial 245/500  best=-575.107 eV  minima=190  elapsed=1117s
[ssw] trial 246/500  best=-575.107 eV  minima=190  elapsed=1119s
[ssw] trial 247/500  best=-575.107 eV  minima=191  elapsed=1125s
[ssw] trial 248/500  best=-575.107 eV  minima=192  elapsed=1133s
[ssw] trial 249/500  best=-575.107 eV  minima=193  elapsed=1140s
[ssw] trial 250/500  best=-575.107 eV  minima=193  elapsed=1145s
[ssw] trial 251/500  best=-575.666 eV  minima=194  elapsed=1150s
[ssw] trial 252/500  best=-575.666 eV  minima=195  elapsed=1159s
[ssw] trial 253/500  best=-575.666 eV  minima=196  elapsed=1163s
[ssw] trial 254/500  best=-575.666 eV  minima=197  elapsed=1165s
[ssw] trial 255/500  best=-575.666 eV  minima=198  elapsed=1167s
[ssw] trial 256/500  best=-575.666 eV  minima=199  elapsed=1171s
[ssw] trial 257/500  best=-575.666 eV  minima=200  elapsed=1173s
[ssw] trial 258/500  best=-575.666 eV  minima=200  elapsed=1175s
[ssw] trial 259/500  best=-575.666 eV  minima=201  elapsed=1183s
[ssw] trial 260/500  best=-575.666 eV  minima=202  elapsed=1191s
[ssw] trial 261/500  best=-575.666 eV  minima=202  elapsed=1193s
[ssw] trial 262/500  best=-575.666 eV  minima=203  elapsed=1199s
[ssw] trial 263/500  best=-575.666 eV  minima=204  elapsed=1205s
[ssw] trial 264/500  best=-575.666 eV  minima=205  elapsed=1210s
[ssw] trial 265/500  best=-575.666 eV  minima=206  elapsed=1218s
[ssw] trial 266/500  best=-575.666 eV  minima=206  elapsed=1222s
[ssw] trial 267/500  best=-575.666 eV  minima=207  elapsed=1226s
[ssw] trial 268/500  best=-575.666 eV  minima=208  elapsed=1230s
[ssw] trial 269/500  best=-575.666 eV  minima=209  elapsed=1238s
[ssw] trial 270/500  best=-575.666 eV  minima=209  elapsed=1242s
[ssw] trial 271/500  best=-575.666 eV  minima=210  elapsed=1245s
[ssw] trial 272/500  best=-575.666 eV  minima=211  elapsed=1251s
[ssw] trial 273/500  best=-575.666 eV  minima=212  elapsed=1259s
[ssw] trial 274/500  best=-575.666 eV  minima=213  elapsed=1265s
[ssw] trial 275/500  best=-575.666 eV  minima=213  elapsed=1267s
[ssw] trial 276/500  best=-575.666 eV  minima=214  elapsed=1275s
[ssw] trial 277/500  best=-575.666 eV  minima=215  elapsed=1279s
[ssw] trial 278/500  best=-575.666 eV  minima=216  elapsed=1283s
[ssw] trial 279/500  best=-575.666 eV  minima=217  elapsed=1290s
[ssw] trial 280/500  best=-575.666 eV  minima=217  elapsed=1293s
[ssw] trial 281/500  best=-575.667 eV  minima=218  elapsed=1298s
[ssw] trial 282/500  best=-575.668 eV  minima=219  elapsed=1302s
[ssw] trial 283/500  best=-575.668 eV  minima=220  elapsed=1310s
[ssw] trial 284/500  best=-575.668 eV  minima=221  elapsed=1314s
[ssw] trial 285/500  best=-575.668 eV  minima=222  elapsed=1317s
[ssw] trial 286/500  best=-575.668 eV  minima=223  elapsed=1324s
[ssw] trial 287/500  best=-575.668 eV  minima=224  elapsed=1332s
[ssw] trial 288/500  best=-575.668 eV  minima=224  elapsed=1338s
[ssw] trial 289/500  best=-575.668 eV  minima=225  elapsed=1345s
[ssw] trial 290/500  best=-575.668 eV  minima=225  elapsed=1348s
[ssw] trial 291/500  best=-575.668 eV  minima=226  elapsed=1351s
[ssw] trial 292/500  best=-575.668 eV  minima=226  elapsed=1358s
[ssw] trial 293/500  best=-575.668 eV  minima=226  elapsed=1360s
[ssw] trial 294/500  best=-575.668 eV  minima=227  elapsed=1364s
[ssw] trial 295/500  best=-575.668 eV  minima=228  elapsed=1372s
[ssw] trial 296/500  best=-575.668 eV  minima=229  elapsed=1375s
[ssw] trial 297/500  best=-575.668 eV  minima=230  elapsed=1380s
[ssw] trial 298/500  best=-575.668 eV  minima=231  elapsed=1382s
[ssw] trial 299/500  best=-575.668 eV  minima=232  elapsed=1388s
[ssw] trial 300/500  best=-575.668 eV  minima=232  elapsed=1389s
[ssw] trial 301/500  best=-575.668 eV  minima=233  elapsed=1396s
[ssw] trial 302/500  best=-575.668 eV  minima=233  elapsed=1398s
[ssw] trial 303/500  best=-575.668 eV  minima=234  elapsed=1401s
[ssw] trial 304/500  best=-575.668 eV  minima=235  elapsed=1408s
[ssw] trial 305/500  best=-575.668 eV  minima=236  elapsed=1413s
[ssw] trial 306/500  best=-575.668 eV  minima=237  elapsed=1418s
[ssw] trial 307/500  best=-575.668 eV  minima=238  elapsed=1425s
[ssw] trial 308/500  best=-575.668 eV  minima=239  elapsed=1433s
[ssw] trial 309/500  best=-575.668 eV  minima=239  elapsed=1438s
[ssw] trial 310/500  best=-575.668 eV  minima=239  elapsed=1440s
[ssw] trial 311/500  best=-575.668 eV  minima=239  elapsed=1443s
[ssw] trial 312/500  best=-575.668 eV  minima=239  elapsed=1449s
[ssw] trial 313/500  best=-575.668 eV  minima=240  elapsed=1457s
[ssw] trial 314/500  best=-575.668 eV  minima=240  elapsed=1459s
[ssw] trial 315/500  best=-575.668 eV  minima=241  elapsed=1467s
[ssw] trial 316/500  best=-575.668 eV  minima=241  elapsed=1468s
[ssw] trial 317/500  best=-575.668 eV  minima=242  elapsed=1474s
[ssw] trial 318/500  best=-575.668 eV  minima=243  elapsed=1482s
[ssw] trial 319/500  best=-575.668 eV  minima=244  elapsed=1485s
[ssw] trial 320/500  best=-575.668 eV  minima=245  elapsed=1492s
[ssw] trial 321/500  best=-575.668 eV  minima=246  elapsed=1500s
[ssw] trial 322/500  best=-575.668 eV  minima=247  elapsed=1503s
[ssw] trial 323/500  best=-575.668 eV  minima=247  elapsed=1504s
[ssw] trial 324/500  best=-575.668 eV  minima=248  elapsed=1507s
[ssw] trial 325/500  best=-575.668 eV  minima=249  elapsed=1516s
[ssw] trial 326/500  best=-575.668 eV  minima=250  elapsed=1521s
[ssw] trial 327/500  best=-575.668 eV  minima=251  elapsed=1529s
[ssw] trial 328/500  best=-575.668 eV  minima=252  elapsed=1532s
[ssw] trial 329/500  best=-575.668 eV  minima=253  elapsed=1536s
[ssw] trial 330/500  best=-575.668 eV  minima=254  elapsed=1538s
[ssw] trial 331/500  best=-575.668 eV  minima=255  elapsed=1542s
[ssw] trial 332/500  best=-575.668 eV  minima=255  elapsed=1544s
[ssw] trial 333/500  best=-575.668 eV  minima=256  elapsed=1546s
[ssw] trial 334/500  best=-575.668 eV  minima=256  elapsed=1548s
[ssw] trial 335/500  best=-575.668 eV  minima=256  elapsed=1550s
[ssw] trial 336/500  best=-575.668 eV  minima=257  elapsed=1554s
[ssw] trial 337/500  best=-575.668 eV  minima=258  elapsed=1558s
[ssw] trial 338/500  best=-575.668 eV  minima=259  elapsed=1562s
[ssw] trial 339/500  best=-575.668 eV  minima=260  elapsed=1569s
[ssw] trial 340/500  best=-575.668 eV  minima=261  elapsed=1577s
[ssw] trial 341/500  best=-575.668 eV  minima=262  elapsed=1585s
[ssw] trial 342/500  best=-575.668 eV  minima=263  elapsed=1593s
[ssw] trial 343/500  best=-575.668 eV  minima=264  elapsed=1601s
[ssw] trial 344/500  best=-575.668 eV  minima=265  elapsed=1608s
[ssw] trial 345/500  best=-575.668 eV  minima=266  elapsed=1612s
[ssw] trial 346/500  best=-575.668 eV  minima=266  elapsed=1616s
[ssw] trial 347/500  best=-575.668 eV  minima=266  elapsed=1619s
[ssw] trial 348/500  best=-575.668 eV  minima=266  elapsed=1622s
[ssw] trial 349/500  best=-575.668 eV  minima=267  elapsed=1624s
[ssw] trial 350/500  best=-575.668 eV  minima=268  elapsed=1632s
[ssw] trial 351/500  best=-575.668 eV  minima=268  elapsed=1635s
[ssw] trial 352/500  best=-575.668 eV  minima=269  elapsed=1642s
[ssw] trial 353/500  best=-575.668 eV  minima=270  elapsed=1645s
[ssw] trial 354/500  best=-575.668 eV  minima=271  elapsed=1649s
[ssw] trial 355/500  best=-575.668 eV  minima=272  elapsed=1657s
[ssw] trial 356/500  best=-575.668 eV  minima=273  elapsed=1660s
[ssw] trial 357/500  best=-575.668 eV  minima=274  elapsed=1663s
[ssw] trial 358/500  best=-575.668 eV  minima=275  elapsed=1670s
[ssw] trial 359/500  best=-575.668 eV  minima=276  elapsed=1677s
[ssw] trial 360/500  best=-575.668 eV  minima=276  elapsed=1681s
[ssw] trial 361/500  best=-575.668 eV  minima=276  elapsed=1684s
[ssw] trial 362/500  best=-575.668 eV  minima=277  elapsed=1692s
[ssw] trial 363/500  best=-575.668 eV  minima=277  elapsed=1695s
[ssw] trial 364/500  best=-575.668 eV  minima=278  elapsed=1701s
[ssw] trial 365/500  best=-575.668 eV  minima=278  elapsed=1703s
[ssw] trial 366/500  best=-575.668 eV  minima=279  elapsed=1712s
[ssw] trial 367/500  best=-575.668 eV  minima=279  elapsed=1717s
[ssw] trial 368/500  best=-575.668 eV  minima=279  elapsed=1719s
[ssw] trial 369/500  best=-575.668 eV  minima=280  elapsed=1726s
[ssw] trial 370/500  best=-575.668 eV  minima=281  elapsed=1730s
[ssw] trial 371/500  best=-575.668 eV  minima=282  elapsed=1738s
[ssw] trial 372/500  best=-575.668 eV  minima=283  elapsed=1744s
[ssw] trial 373/500  best=-575.668 eV  minima=284  elapsed=1752s
[ssw] trial 374/500  best=-575.668 eV  minima=285  elapsed=1755s
[ssw] trial 375/500  best=-575.668 eV  minima=285  elapsed=1760s
[ssw] trial 376/500  best=-575.668 eV  minima=285  elapsed=1762s
[ssw] trial 377/500  best=-575.668 eV  minima=286  elapsed=1770s
[ssw] trial 378/500  best=-575.668 eV  minima=287  elapsed=1774s
[ssw] trial 379/500  best=-575.668 eV  minima=287  elapsed=1779s
[ssw] trial 380/500  best=-575.668 eV  minima=288  elapsed=1787s
[ssw] trial 381/500  best=-575.668 eV  minima=289  elapsed=1793s
[ssw] trial 382/500  best=-575.668 eV  minima=290  elapsed=1802s
[ssw] trial 383/500  best=-575.668 eV  minima=291  elapsed=1805s
[ssw] trial 384/500  best=-575.668 eV  minima=292  elapsed=1812s
[ssw] trial 385/500  best=-575.668 eV  minima=293  elapsed=1815s
[ssw] trial 386/500  best=-575.668 eV  minima=294  elapsed=1823s
[ssw] trial 387/500  best=-575.668 eV  minima=295  elapsed=1825s
[ssw] trial 388/500  best=-575.668 eV  minima=296  elapsed=1833s
[ssw] trial 389/500  best=-575.668 eV  minima=296  elapsed=1837s
[ssw] trial 390/500  best=-575.668 eV  minima=296  elapsed=1841s
[ssw] trial 391/500  best=-575.668 eV  minima=297  elapsed=1846s
[ssw] trial 392/500  best=-575.668 eV  minima=297  elapsed=1847s
[ssw] trial 393/500  best=-575.668 eV  minima=298  elapsed=1851s
[ssw] trial 394/500  best=-575.668 eV  minima=299  elapsed=1858s
[ssw] trial 395/500  best=-575.668 eV  minima=300  elapsed=1865s
[ssw] trial 396/500  best=-575.668 eV  minima=300  elapsed=1868s
[ssw] trial 397/500  best=-575.668 eV  minima=301  elapsed=1875s
[ssw] trial 398/500  best=-575.668 eV  minima=302  elapsed=1882s
[ssw] trial 399/500  best=-575.668 eV  minima=302  elapsed=1885s
[ssw] trial 400/500  best=-575.668 eV  minima=302  elapsed=1890s
[ssw] trial 401/500  best=-575.668 eV  minima=303  elapsed=1895s
[ssw] trial 402/500  best=-575.668 eV  minima=304  elapsed=1903s
[ssw] trial 403/500  best=-575.668 eV  minima=304  elapsed=1905s
[ssw] trial 404/500  best=-575.668 eV  minima=305  elapsed=1911s
[ssw] trial 405/500  best=-575.668 eV  minima=305  elapsed=1914s
[ssw] trial 406/500  best=-575.668 eV  minima=305  elapsed=1918s
[ssw] trial 407/500  best=-575.668 eV  minima=306  elapsed=1924s
[ssw] trial 408/500  best=-575.668 eV  minima=306  elapsed=1928s
[ssw] trial 409/500  best=-575.668 eV  minima=306  elapsed=1931s
[ssw] trial 410/500  best=-575.668 eV  minima=306  elapsed=1934s
[ssw] trial 411/500  best=-575.668 eV  minima=306  elapsed=1936s
[ssw] trial 412/500  best=-575.668 eV  minima=307  elapsed=1944s
[ssw] trial 413/500  best=-575.668 eV  minima=308  elapsed=1949s
[ssw] trial 414/500  best=-575.668 eV  minima=309  elapsed=1951s
[ssw] trial 415/500  best=-575.668 eV  minima=310  elapsed=1957s
[ssw] trial 416/500  best=-575.668 eV  minima=311  elapsed=1964s
[ssw] trial 417/500  best=-575.668 eV  minima=312  elapsed=1971s
[ssw] trial 418/500  best=-575.668 eV  minima=313  elapsed=1974s
[ssw] trial 419/500  best=-575.668 eV  minima=314  elapsed=1978s
[ssw] trial 420/500  best=-575.668 eV  minima=314  elapsed=1982s
[ssw] trial 421/500  best=-575.668 eV  minima=315  elapsed=1992s
[ssw] trial 422/500  best=-575.668 eV  minima=315  elapsed=1993s
[ssw] trial 423/500  best=-575.668 eV  minima=315  elapsed=1995s
[ssw] trial 424/500  best=-575.668 eV  minima=315  elapsed=1998s
[ssw] trial 425/500  best=-575.668 eV  minima=315  elapsed=2002s
[ssw] trial 426/500  best=-575.668 eV  minima=316  elapsed=2007s
[ssw] trial 427/500  best=-575.668 eV  minima=316  elapsed=2008s
[ssw] trial 428/500  best=-575.668 eV  minima=316  elapsed=2011s
[ssw] trial 429/500  best=-575.668 eV  minima=317  elapsed=2019s
[ssw] trial 430/500  best=-575.668 eV  minima=318  elapsed=2026s
[ssw] trial 431/500  best=-575.668 eV  minima=319  elapsed=2035s
[ssw] trial 432/500  best=-575.670 eV  minima=320  elapsed=2039s
[ssw] trial 433/500  best=-575.670 eV  minima=320  elapsed=2041s
[ssw] trial 434/500  best=-575.670 eV  minima=321  elapsed=2047s
[ssw] trial 435/500  best=-575.670 eV  minima=321  elapsed=2050s
[ssw] trial 436/500  best=-575.670 eV  minima=322  elapsed=2055s
[ssw] trial 437/500  best=-575.670 eV  minima=323  elapsed=2063s
[ssw] trial 438/500  best=-575.670 eV  minima=324  elapsed=2072s
[ssw] trial 439/500  best=-575.670 eV  minima=324  elapsed=2075s
[ssw] trial 440/500  best=-575.670 eV  minima=325  elapsed=2078s
[ssw] trial 441/500  best=-575.670 eV  minima=326  elapsed=2086s
[ssw] trial 442/500  best=-575.670 eV  minima=326  elapsed=2091s
[ssw] trial 443/500  best=-575.670 eV  minima=327  elapsed=2100s
[ssw] trial 444/500  best=-575.670 eV  minima=328  elapsed=2106s
[ssw] trial 445/500  best=-575.670 eV  minima=329  elapsed=2114s
[ssw] trial 446/500  best=-575.670 eV  minima=330  elapsed=2117s
[ssw] trial 447/500  best=-575.670 eV  minima=331  elapsed=2125s
[ssw] trial 448/500  best=-575.670 eV  minima=332  elapsed=2131s
[ssw] trial 449/500  best=-575.670 eV  minima=332  elapsed=2132s
[ssw] trial 450/500  best=-575.670 eV  minima=333  elapsed=2139s
[ssw] trial 451/500  best=-575.670 eV  minima=334  elapsed=2145s
[ssw] trial 452/500  best=-575.670 eV  minima=335  elapsed=2153s
[ssw] trial 453/500  best=-575.670 eV  minima=335  elapsed=2155s
[ssw] trial 454/500  best=-575.670 eV  minima=336  elapsed=2159s
[ssw] trial 455/500  best=-575.670 eV  minima=337  elapsed=2166s
[ssw] trial 456/500  best=-575.670 eV  minima=338  elapsed=2172s
[ssw] trial 457/500  best=-575.670 eV  minima=339  elapsed=2177s
[ssw] trial 458/500  best=-575.670 eV  minima=340  elapsed=2182s
[ssw] trial 459/500  best=-575.670 eV  minima=341  elapsed=2191s
[ssw] trial 460/500  best=-575.670 eV  minima=342  elapsed=2194s
[ssw] trial 461/500  best=-575.670 eV  minima=343  elapsed=2200s
[ssw] trial 462/500  best=-575.670 eV  minima=343  elapsed=2202s
[ssw] trial 463/500  best=-575.670 eV  minima=343  elapsed=2204s
[ssw] trial 464/500  best=-575.670 eV  minima=344  elapsed=2214s
[ssw] trial 465/500  best=-575.670 eV  minima=345  elapsed=2220s
[ssw] trial 466/500  best=-575.670 eV  minima=346  elapsed=2230s
[ssw] trial 467/500  best=-575.670 eV  minima=347  elapsed=2233s
[ssw] trial 468/500  best=-575.670 eV  minima=348  elapsed=2241s
[ssw] trial 469/500  best=-575.670 eV  minima=349  elapsed=2249s
[ssw] trial 470/500  best=-575.670 eV  minima=350  elapsed=2253s
[ssw] trial 471/500  best=-575.670 eV  minima=351  elapsed=2257s
[ssw] trial 472/500  best=-575.670 eV  minima=351  elapsed=2263s
[ssw] trial 473/500  best=-575.670 eV  minima=352  elapsed=2271s
[ssw] trial 474/500  best=-575.670 eV  minima=353  elapsed=2280s
[ssw] trial 475/500  best=-575.670 eV  minima=354  elapsed=2284s
[ssw] trial 476/500  best=-575.670 eV  minima=355  elapsed=2288s
[ssw] trial 477/500  best=-575.670 eV  minima=356  elapsed=2293s
[ssw] trial 478/500  best=-575.670 eV  minima=357  elapsed=2301s
[ssw] trial 479/500  best=-575.670 eV  minima=358  elapsed=2310s
[ssw] trial 480/500  best=-575.670 eV  minima=358  elapsed=2314s
[ssw] trial 481/500  best=-575.670 eV  minima=358  elapsed=2317s
[ssw] trial 482/500  best=-575.670 eV  minima=359  elapsed=2321s
[ssw] trial 483/500  best=-575.670 eV  minima=360  elapsed=2327s
[ssw] trial 484/500  best=-575.670 eV  minima=361  elapsed=2335s
[ssw] trial 485/500  best=-575.670 eV  minima=362  elapsed=2338s
[ssw] trial 486/500  best=-575.670 eV  minima=362  elapsed=2339s
[ssw] trial 487/500  best=-575.670 eV  minima=363  elapsed=2349s
[ssw] trial 488/500  best=-575.670 eV  minima=364  elapsed=2359s
[ssw] trial 489/500  best=-575.670 eV  minima=365  elapsed=2364s
[ssw] trial 490/500  best=-575.670 eV  minima=366  elapsed=2374s
[ssw] trial 491/500  best=-575.670 eV  minima=367  elapsed=2379s
[ssw] trial 492/500  best=-575.670 eV  minima=367  elapsed=2381s
[ssw] trial 493/500  best=-575.670 eV  minima=368  elapsed=2388s
[ssw] trial 494/500  best=-575.670 eV  minima=368  elapsed=2390s
[ssw] trial 495/500  best=-575.670 eV  minima=369  elapsed=2399s
[ssw] trial 496/500  best=-575.670 eV  minima=369  elapsed=2401s
[ssw] trial 497/500  best=-575.670 eV  minima=370  elapsed=2406s
[ssw] trial 498/500  best=-575.670 eV  minima=371  elapsed=2409s
[ssw] trial 499/500  best=-575.670 eV  minima=372  elapsed=2417s
[ssw] trial 500/500  best=-575.670 eV  minima=373  elapsed=2420s
[ssw] done: 500 trials, 373 minima, best=-575.670 eV, elapsed=2420s
completed 2026-06-02T15:04:42+08:00
